time,col0_lv0,col0_lv1,col0_lv2,col0_lv3,col0_lv4,col1_lv0,col1_lv1,col1_lv2,col1_lv3,col1_lv4,col2_lv0,col2_lv1,col2_lv2,col2_lv3,col2_lv4,col3_lv0,col3_lv1,col3_lv2,col3_lv3,col3_lv4
0.010000,4.7000,4.7000,4.7000,4.7000,4.7000,3.2000,3.2000,3.2000,3.2000,3.2000,1.7000,1.7000,1.7000,1.7000,1.7000,3.2000,3.2000,3.2000,3.2000,3.2000
0.020000,4.6995,4.6995,4.6995,4.6995,4.6995,3.2377,3.2377,3.2377,3.2377,3.2377,1.7005,1.7005,1.7005,1.7005,1.7005,3.1623,3.1623,3.1623,3.1623,3.1623
0.030000,4.6981,4.6981,4.6981,4.6981,4.6981,3.2754,3.2754,3.2754,3.2754,3.2754,1.7019,1.7019,1.7019,1.7019,1.7019,3.1246,3.1246,3.1246,3.1246,3.1246
0.040000,4.6957,4.6957,4.6957,4.6957,4.6957,3.3130,3.3130,3.3130,3.3130,3.3130,1.7043,1.7043,1.7043,1.7043,1.7043,3.0870,3.0870,3.0870,3.0870,3.0870
0.050000,4.6924,4.6924,4.6924,4.6924,4.6924,3.3505,3.3505,3.3505,3.3505,3.3505,1.7076,1.7076,1.7076,1.7076,1.7076,3.0495,3.0495,3.0495,3.0495,3.0495
0.060000,4.6882,4.6882,4.6882,4.6882,4.6882,3.3880,3.3880,3.3880,3.3880,3.3880,1.7118,1.7118,1.7118,1.7118,1.7118,3.0120,3.0120,3.0120,3.0120,3.0120
0.070000,4.6830,4.6830,4.6830,4.6830,4.6830,3.4253,3.4253,3.4253,3.4253,3.4253,1.7170,1.7170,1.7170,1.7170,1.7170,2.9747,2.9747,2.9747,2.9747,2.9747
0.080000,4.6768,4.6768,4.6768,4.6768,4.6768,3.4625,3.4625,3.4625,3.4625,3.4625,1.7232,1.7232,1.7232,1.7232,1.7232,2.9375,2.9375,2.9375,2.9375,2.9375
0.090000,4.6698,4.6698,4.6698,4.6698,4.6698,3.4996,3.4996,3.4996,3.4996,3.4996,1.7302,1.7302,1.7302,1.7302,1.7302,2.9004,2.9004,2.9004,2.9004,2.9004
0.100000,4.6618,4.6618,4.6618,4.6618,4.6618,3.5364,3.5364,3.5364,3.5364,3.5364,1.7382,1.7382,1.7382,1.7382,1.7382,2.8636,2.8636,2.8636,2.8636,2.8636
0.110000,4.6529,4.6529,4.6529,4.6529,4.6529,3.5730,3.5730,3.5730,3.5730,3.5730,1.7471,1.7471,1.7471,1.7471,1.7471,2.8270,2.8270,2.8270,2.8270,2.8270
0.120000,4.6430,4.6430,4.6430,4.6430,4.6430,3.6094,3.6094,3.6094,3.6094,3.6094,1.7570,1.7570,1.7570,1.7570,1.7570,2.7906,2.7906,2.7906,2.7906,2.7906
0.130000,4.6323,4.6323,4.6323,4.6323,4.6323,3.6456,3.6456,3.6456,3.6456,3.6456,1.7677,1.7677,1.7677,1.7677,1.7677,2.7544,2.7544,2.7544,2.7544,2.7544
0.140000,4.6206,4.6206,4.6206,4.6206,4.6206,3.6814,3.6814,3.6814,3.6814,3.6814,1.7794,1.7794,1.7794,1.7794,1.7794,2.7186,2.7186,2.7186,2.7186,2.7186
0.150000,4.6081,4.6081,4.6081,4.6081,4.6081,3.7170,3.7170,3.7170,3.7170,3.7170,1.7919,1.7919,1.7919,1.7919,1.7919,2.6830,2.6830,2.6830,2.6830,2.6830
0.160000,4.5947,4.5947,4.5947,4.5947,4.5947,3.7522,3.7522,3.7522,3.7522,3.7522,1.8053,1.8053,1.8053,1.8053,1.8053,2.6478,2.6478,2.6478,2.6478,2.6478
0.170000,4.5803,4.5803,4.5803,4.5803,4.5803,3.7871,3.7871,3.7871,3.7871,3.7871,1.8197,1.8197,1.8197,1.8197,1.8197,2.6129,2.6129,2.6129,2.6129,2.6129
0.180000,4.5652,4.5652,4.5652,4.5652,4.5652,3.8216,3.8216,3.8216,3.8216,3.8216,1.8348,1.8348,1.8348,1.8348,1.8348,2.5784,2.5784,2.5784,2.5784,2.5784
0.190000,4.5491,4.5491,4.5491,4.5491,4.5491,3.8557,3.8557,3.8557,3.8557,3.8557,1.8509,1.8509,1.8509,1.8509,1.8509,2.5443,2.5443,2.5443,2.5443,2.5443
0.200000,4.5322,4.5322,4.5322,4.5322,4.5322,3.8894,3.8894,3.8894,3.8894,3.8894,1.8678,1.8678,1.8678,1.8678,1.8678,2.5106,2.5106,2.5106,2.5106,2.5106
0.210000,4.5145,4.5145,4.5145,4.5145,4.5145,3.9226,3.9226,3.9226,3.9226,3.9226,1.8855,1.8855,1.8855,1.8855,1.8855,2.4774,2.4774,2.4774,2.4774,2.4774
0.220000,4.4959,4.4959,4.4959,4.4959,4.4959,3.9554,3.9554,3.9554,3.9554,3.9554,1.9041,1.9041,1.9041,1.9041,1.9041,2.4446,2.4446,2.4446,2.4446,2.4446
0.230000,4.4765,4.4765,4.4765,4.4765,4.4765,3.9878,3.9878,3.9878,3.9878,3.9878,1.9235,1.9235,1.9235,1.9235,1.9235,2.4122,2.4122,2.4122,2.4122,2.4122
0.240000,4.4563,4.4563,4.4563,4.4563,4.4563,4.0196,4.0196,4.0196,4.0196,4.0196,1.9437,1.9437,1.9437,1.9437,1.9437,2.3804,2.3804,2.3804,2.3804,2.3804
0.250000,4.4353,4.4353,4.4353,4.4353,4.4353,4.0509,4.0509,4.0509,4.0509,4.0509,1.9647,1.9647,1.9647,1.9647,1.9647,2.3491,2.3491,2.3491,2.3491,2.3491
0.260000,4.4135,4.4135,4.4135,4.4135,4.4135,4.0817,4.0817,4.0817,4.0817,4.0817,1.9865,1.9865,1.9865,1.9865,1.9865,2.3183,2.3183,2.3183,2.3183,2.3183
0.270000,4.3910,4.3910,4.3910,4.3910,4.3910,4.1119,4.1119,4.1119,4.1119,4.1119,2.0090,2.0090,2.0090,2.0090,2.0090,2.2881,2.2881,2.2881,2.2881,2.2881
0.280000,4.3677,4.3677,4.3677,4.3677,4.3677,4.1415,4.1415,4.1415,4.1415,4.1415,2.0323,2.0323,2.0323,2.0323,2.0323,2.2585,2.2585,2.2585,2.2585,2.2585
0.290000,4.3437,4.3437,4.3437,4.3437,4.3437,4.1706,4.1706,4.1706,4.1706,4.1706,2.0563,2.0563,2.0563,2.0563,2.0563,2.2294,2.2294,2.2294,2.2294,2.2294
0.300000,4.3189,4.3189,4.3189,4.3189,4.3189,4.1990,4.1990,4.1990,4.1990,4.1990,2.0811,2.0811,2.0811,2.0811,2.0811,2.2010,2.2010,2.2010,2.2010,2.2010
0.310000,4.2935,4.2935,4.2935,4.2935,4.2935,4.2268,4.2268,4.2268,4.2268,4.2268,2.1065,2.1065,2.1065,2.1065,2.1065,2.1732,2.1732,2.1732,2.1732,2.1732
0.320000,4.2673,4.2673,4.2673,4.2673,4.2673,4.2540,4.2540,4.2540,4.2540,4.2540,2.1327,2.1327,2.1327,2.1327,2.1327,2.1460,2.1460,2.1460,2.1460,2.1460
0.330000,4.2405,4.2405,4.2405,4.2405,4.2405,4.2805,4.2805,4.2805,4.2805,4.2805,2.1595,2.1595,2.1595,2.1595,2.1595,2.1195,2.1195,2.1195,2.1195,2.1195
0.340000,4.2130,4.2130,4.2130,4.2130,4.2130,4.3063,4.3063,4.3063,4.3063,4.3063,2.1870,2.1870,2.1870,2.1870,2.1870,2.0937,2.0937,2.0937,2.0937,2.0937
0.350000,4.1849,4.1849,4.1849,4.1849,4.1849,4.3314,4.3314,4.3314,4.3314,4.3314,2.2151,2.2151,2.2151,2.2151,2.2151,2.0686,2.0686,2.0686,2.0686,2.0686
0.360000,4.1561,4.1561,4.1561,4.1561,4.1561,4.3558,4.3558,4.3558,4.3558,4.3558,2.2439,2.2439,2.2439,2.2439,2.2439,2.0442,2.0442,2.0442,2.0442,2.0442
0.370000,4.1268,4.1268,4.1268,4.1268,4.1268,4.3794,4.3794,4.3794,4.3794,4.3794,2.2732,2.2732,2.2732,2.2732,2.2732,2.0206,2.0206,2.0206,2.0206,2.0206
0.380000,4.0969,4.0969,4.0969,4.0969,4.0969,4.4024,4.4024,4.4024,4.4024,4.4024,2.3031,2.3031,2.3031,2.3031,2.3031,1.9976,1.9976,1.9976,1.9976,1.9976
0.390000,4.0664,4.0664,4.0664,4.0664,4.0664,4.4245,4.4245,4.4245,4.4245,4.4245,2.3336,2.3336,2.3336,2.3336,2.3336,1.9755,1.9755,1.9755,1.9755,1.9755
0.400000,4.0353,4.0353,4.0353,4.0353,4.0353,4.4459,4.4459,4.4459,4.4459,4.4459,2.3647,2.3647,2.3647,2.3647,2.3647,1.9541,1.9541,1.9541,1.9541,1.9541
0.410000,4.0037,4.0037,4.0037,4.0037,4.0037,4.4665,4.4665,4.4665,4.4665,4.4665,2.3963,2.3963,2.3963,2.3963,2.3963,1.9335,1.9335,1.9335,1.9335,1.9335
0.420000,3.9717,3.9717,3.9717,3.9717,3.9717,4.4863,4.4863,4.4863,4.4863,4.4863,2.4283,2.4283,2.4283,2.4283,2.4283,1.9137,1.9137,1.9137,1.9137,1.9137
0.430000,3.9391,3.9391,3.9391,3.9391,3.9391,4.5053,4.5053,4.5053,4.5053,4.5053,2.4609,2.4609,2.4609,2.4609,2.4609,1.8947,1.8947,1.8947,1.8947,1.8947
0.440000,3.9061,3.9061,3.9061,3.9061,3.9061,4.5234,4.5234,4.5234,4.5234,4.5234,2.4939,2.4939,2.4939,2.4939,2.4939,1.8766,1.8766,1.8766,1.8766,1.8766
0.450000,3.8726,3.8726,3.8726,3.8726,3.8726,4.5408,4.5408,4.5408,4.5408,4.5408,2.5274,2.5274,2.5274,2.5274,2.5274,1.8592,1.8592,1.8592,1.8592,1.8592
0.460000,3.8387,3.8387,3.8387,3.8387,3.8387,4.5572,4.5572,4.5572,4.5572,4.5572,2.5613,2.5613,2.5613,2.5613,2.5613,1.8428,1.8428,1.8428,1.8428,1.8428
0.470000,3.8044,3.8044,3.8044,3.8044,3.8044,4.5729,4.5729,4.5729,4.5729,4.5729,2.5956,2.5956,2.5956,2.5956,2.5956,1.8271,1.8271,1.8271,1.8271,1.8271
0.480000,3.7697,3.7697,3.7697,3.7697,3.7697,4.5876,4.5876,4.5876,4.5876,4.5876,2.6303,2.6303,2.6303,2.6303,2.6303,1.8124,1.8124,1.8124,1.8124,1.8124
0.490000,3.7346,3.7346,3.7346,3.7346,3.7346,4.6015,4.6015,4.6015,4.6015,4.6015,2.6654,2.6654,2.6654,2.6654,2.6654,1.7985,1.7985,1.7985,1.7985,1.7985
0.500000,3.6992,3.6992,3.6992,3.6992,3.6992,4.6145,4.6145,4.6145,4.6145,4.6145,2.7008,2.7008,2.7008,2.7008,2.7008,1.7855,1.7855,1.7855,1.7855,1.7855
0.510000,3.6635,3.6635,3.6635,3.6635,3.6635,4.6266,4.6266,4.6266,4.6266,4.6266,2.7365,2.7365,2.7365,2.7365,2.7365,1.7734,1.7734,1.7734,1.7734,1.7734
0.520000,3.6275,3.6275,3.6275,3.6275,3.6275,4.6378,4.6378,4.6378,4.6378,4.6378,2.7725,2.7725,2.7725,2.7725,2.7725,1.7622,1.7622,1.7622,1.7622,1.7622
0.530000,3.5913,3.5913,3.5913,3.5913,3.5913,4.6481,4.6481,4.6481,4.6481,4.6481,2.8087,2.8087,2.8087,2.8087,2.8087,1.7519,1.7519,1.7519,1.7519,1.7519
0.540000,3.5547,3.5547,3.5547,3.5547,3.5547,4.6574,4.6574,4.6574,4.6574,4.6574,2.8453,2.8453,2.8453,2.8453,2.8453,1.7426,1.7426,1.7426,1.7426,1.7426
0.550000,3.5180,3.5180,3.5180,3.5180,3.5180,4.6659,4.6659,4.6659,4.6659,4.6659,2.8820,2.8820,2.8820,2.8820,2.8820,1.7341,1.7341,1.7341,1.7341,1.7341
0.560000,3.4811,3.4811,3.4811,3.4811,3.4811,4.6734,4.6734,4.6734,4.6734,4.6734,2.9189,2.9189,2.9189,2.9189,2.9189,1.7266,1.7266,1.7266,1.7266,1.7266
0.570000,3.4440,3.4440,3.4440,3.4440,3.4440,4.6800,4.6800,4.6800,4.6800,4.6800,2.9560,2.9560,2.9560,2.9560,2.9560,1.7200,1.7200,1.7200,1.7200,1.7200
0.580000,3.4067,3.4067,3.4067,3.4067,3.4067,4.6857,4.6857,4.6857,4.6857,4.6857,2.9933,2.9933,2.9933,2.9933,2.9933,1.7143,1.7143,1.7143,1.7143,1.7143
0.590000,3.3693,3.3693,3.3693,3.3693,3.3693,4.6904,4.6904,4.6904,4.6904,4.6904,3.0307,3.0307,3.0307,3.0307,3.0307,1.7096,1.7096,1.7096,1.7096,1.7096
0.600000,3.3318,3.3318,3.3318,3.3318,3.3318,4.6942,4.6942,4.6942,4.6942,4.6942,3.0682,3.0682,3.0682,3.0682,3.0682,1.7058,1.7058,1.7058,1.7058,1.7058
0.610000,3.2942,3.2942,3.2942,3.2942,3.2942,4.6970,4.6970,4.6970,4.6970,4.6970,3.1058,3.1058,3.1058,3.1058,3.1058,1.7030,1.7030,1.7030,1.7030,1.7030
0.620000,3.2565,3.2565,3.2565,3.2565,3.2565,4.6989,4.6989,4.6989,4.6989,4.6989,3.1435,3.1435,3.1435,3.1435,3.1435,1.7011,1.7011,1.7011,1.7011,1.7011
0.630000,3.2188,3.2188,3.2188,3.2188,3.2188,4.6999,4.6999,4.6999,4.6999,4.6999,3.1812,3.1812,3.1812,3.1812,3.1812,1.7001,1.7001,1.7001,1.7001,1.7001
0.640000,3.1812,3.1812,3.1812,3.1812,3.1812,4.6999,4.6999,4.6999,4.6999,4.6999,3.2188,3.2188,3.2188,3.2188,3.2188,1.7001,1.7001,1.7001,1.7001,1.7001
0.650000,3.1435,3.1435,3.1435,3.1435,3.1435,4.6989,4.6989,4.6989,4.6989,4.6989,3.2565,3.2565,3.2565,3.2565,3.2565,1.7011,1.7011,1.7011,1.7011,1.7011
0.660000,3.1058,3.1058,3.1058,3.1058,3.1058,4.6970,4.6970,4.6970,4.6970,4.6970,3.2942,3.2942,3.2942,3.2942,3.2942,1.7030,1.7030,1.7030,1.7030,1.7030
0.670000,3.0682,3.0682,3.0682,3.0682,3.0682,4.6942,4.6942,4.6942,4.6942,4.6942,3.3318,3.3318,3.3318,3.3318,3.3318,1.7058,1.7058,1.7058,1.7058,1.7058
0.680000,3.0307,3.0307,3.0307,3.0307,3.0307,4.6904,4.6904,4.6904,4.6904,4.6904,3.3693,3.3693,3.3693,3.3693,3.3693,1.7096,1.7096,1.7096,1.7096,1.7096
0.690000,2.9933,2.9933,2.9933,2.9933,2.9933,4.6857,4.6857,4.6857,4.6857,4.6857,3.4067,3.4067,3.4067,3.4067,3.4067,1.7143,1.7143,1.7143,1.7143,1.7143
0.700000,2.9560,2.9560,2.9560,2.9560,2.9560,4.6800,4.6800,4.6800,4.6800,4.6800,3.4440,3.4440,3.4440,3.4440,3.4440,1.7200,1.7200,1.7200,1.7200,1.7200
0.710000,2.9189,2.9189,2.9189,2.9189,2.9189,4.6734,4.6734,4.6734,4.6734,4.6734,3.4811,3.4811,3.4811,3.4811,3.4811,1.7266,1.7266,1.7266,1.7266,1.7266
0.720000,2.8820,2.8820,2.8820,2.8820,2.8820,4.6659,4.6659,4.6659,4.6659,4.6659,3.5180,3.5180,3.5180,3.5180,3.5180,1.7341,1.7341,1.7341,1.7341,1.7341
0.730000,2.8453,2.8453,2.8453,2.8453,2.8453,4.6574,4.6574,4.6574,4.6574,4.6574,3.5547,3.5547,3.5547,3.5547,3.5547,1.7426,1.7426,1.7426,1.7426,1.7426
0.740000,2.8087,2.8087,2.8087,2.8087,2.8087,4.6481,4.6481,4.6481,4.6481,4.6481,3.5913,3.5913,3.5913,3.5913,3.5913,1.7519,1.7519,1.7519,1.7519,1.7519
0.750000,2.7725,2.7725,2.7725,2.7725,2.7725,4.6378,4.6378,4.6378,4.6378,4.6378,3.6275,3.6275,3.6275,3.6275,3.6275,1.7622,1.7622,1.7622,1.7622,1.7622
0.760000,2.7365,2.7365,2.7365,2.7365,2.7365,4.6266,4.6266,4.6266,4.6266,4.6266,3.6635,3.6635,3.6635,3.6635,3.6635,1.7734,1.7734,1.7734,1.7734,1.7734
0.770000,2.7008,2.7008,2.7008,2.7008,2.7008,4.6145,4.6145,4.6145,4.6145,4.6145,3.6992,3.6992,3.6992,3.6992,3.6992,1.7855,1.7855,1.7855,1.7855,1.7855
0.780000,2.6654,2.6654,2.6654,2.6654,2.6654,4.6015,4.6015,4.6015,4.6015,4.6015,3.7346,3.7346,3.7346,3.7346,3.7346,1.7985,1.7985,1.7985,1.7985,1.7985
0.790000,2.6303,2.6303,2.6303,2.6303,2.6303,4.5876,4.5876,4.5876,4.5876,4.5876,3.7697,3.7697,3.7697,3.7697,3.7697,1.8124,1.8124,1.8124,1.8124,1.8124
0.800000,2.5956,2.5956,2.5956,2.5956,2.5956,4.5729,4.5729,4.5729,4.5729,4.5729,3.8044,3.8044,3.8044,3.8044,3.8044,1.8271,1.8271,1.8271,1.8271,1.8271
0.810000,2.5613,2.5613,2.5613,2.5613,2.5613,4.5572,4.5572,4.5572,4.5572,4.5572,3.8387,3.8387,3.8387,3.8387,3.8387,1.8428,1.8428,1.8428,1.8428,1.8428
0.820000,2.5274,2.5274,2.5274,2.5274,2.5274,4.5408,4.5408,4.5408,4.5408,4.5408,3.8726,3.8726,3.8726,3.8726,3.8726,1.8592,1.8592,1.8592,1.8592,1.8592
0.830000,2.4939,2.4939,2.4939,2.4939,2.4939,4.5234,4.5234,4.5234,4.5234,4.5234,3.9061,3.9061,3.9061,3.9061,3.9061,1.8766,1.8766,1.8766,1.8766,1.8766
0.840000,2.4609,2.4609,2.4609,2.4609,2.4609,4.5053,4.5053,4.5053,4.5053,4.5053,3.9391,3.9391,3.9391,3.9391,3.9391,1.8947,1.8947,1.8947,1.8947,1.8947
0.850000,2.4283,2.4283,2.4283,2.4283,2.4283,4.4863,4.4863,4.4863,4.4863,4.4863,3.9717,3.9717,3.9717,3.9717,3.9717,1.9137,1.9137,1.9137,1.9137,1.9137
0.860000,2.3963,2.3963,2.3963,2.3963,2.3963,4.4665,4.4665,4.4665,4.4665,4.4665,4.0037,4.0037,4.0037,4.0037,4.0037,1.9335,1.9335,1.9335,1.9335,1.9335
0.870000,2.3647,2.3647,2.3647,2.3647,2.3647,4.4459,4.4459,4.4459,4.4459,4.4459,4.0353,4.0353,4.0353,4.0353,4.0353,1.9541,1.9541,1.9541,1.9541,1.9541
0.880000,2.3336,2.3336,2.3336,2.3336,2.3336,4.4245,4.4245,4.4245,4.4245,4.4245,4.0664,4.0664,4.0664,4.0664,4.0664,1.9755,1.9755,1.9755,1.9755,1.9755
0.890000,2.3031,2.3031,2.3031,2.3031,2.3031,4.4024,4.4024,4.4024,4.4024,4.4024,4.0969,4.0969,4.0969,4.0969,4.0969,1.9976,1.9976,1.9976,1.9976,1.9976
0.900000,2.2732,2.2732,2.2732,2.2732,2.2732,4.3794,4.3794,4.3794,4.3794,4.3794,4.1268,4.1268,4.1268,4.1268,4.1268,2.0206,2.0206,2.0206,2.0206,2.0206
0.910000,2.2439,2.2439,2.2439,2.2439,2.2439,4.3558,4.3558,4.3558,4.3558,4.3558,4.1561,4.1561,4.1561,4.1561,4.1561,2.0442,2.0442,2.0442,2.0442,2.0442
0.920000,2.2151,2.2151,2.2151,2.2151,2.2151,4.3314,4.3314,4.3314,4.3314,4.3314,4.1849,4.1849,4.1849,4.1849,4.1849,2.0686,2.0686,2.0686,2.0686,2.0686
0.930000,2.1870,2.1870,2.1870,2.1870,2.1870,4.3063,4.3063,4.3063,4.3063,4.3063,4.2130,4.2130,4.2130,4.2130,4.2130,2.0937,2.0937,2.0937,2.0937,2.0937
0.940000,2.1595,2.1595,2.1595,2.1595,2.1595,4.2805,4.2805,4.2805,4.2805,4.2805,4.2405,4.2405,4.2405,4.2405,4.2405,2.1195,2.1195,2.1195,2.1195,2.1195
0.950000,2.1327,2.1327,2.1327,2.1327,2.1327,4.2540,4.2540,4.2540,4.2540,4.2540,4.2673,4.2673,4.2673,4.2673,4.2673,2.1460,2.1460,2.1460,2.1460,2.1460
0.960000,2.1065,2.1065,2.1065,2.1065,2.1065,4.2268,4.2268,4.2268,4.2268,4.2268,4.2935,4.2935,4.2935,4.2935,4.2935,2.1732,2.1732,2.1732,2.1732,2.1732
0.970000,2.0811,2.0811,2.0811,2.0811,2.0811,4.1990,4.1990,4.1990,4.1990,4.1990,4.3189,4.3189,4.3189,4.3189,4.3189,2.2010,2.2010,2.2010,2.2010,2.2010
0.980000,2.0563,2.0563,2.0563,2.0563,2.0563,4.1706,4.1706,4.1706,4.1706,4.1706,4.3437,4.3437,4.3437,4.3437,4.3437,2.2294,2.2294,2.2294,2.2294,2.2294
0.990000,2.0323,2.0323,2.0323,2.0323,2.0323,4.1415,4.1415,4.1415,4.1415,4.1415,4.3677,4.3677,4.3677,4.3677,4.3677,2.2585,2.2585,2.2585,2.2585,2.2585
1.000000,2.0090,2.0090,2.0090,2.0090,2.0090,4.1119,4.1119,4.1119,4.1119,4.1119,4.3910,4.3910,4.3910,4.3910,4.3910,2.2881,2.2881,2.2881,2.2881,2.2881
1.010000,1.9865,1.9865,1.9865,1.9865,1.9865,4.0817,4.0817,4.0817,4.0817,4.0817,4.4135,4.4135,4.4135,4.4135,4.4135,2.3183,2.3183,2.3183,2.3183,2.3183
1.020000,1.9647,1.9647,1.9647,1.9647,1.9647,4.0509,4.0509,4.0509,4.0509,4.0509,4.4353,4.4353,4.4353,4.4353,4.4353,2.3491,2.3491,2.3491,2.3491,2.3491
1.030000,1.9437,1.9437,1.9437,1.9437,1.9437,4.0196,4.0196,4.0196,4.0196,4.0196,4.4563,4.4563,4.4563,4.4563,4.4563,2.3804,2.3804,2.3804,2.3804,2.3804
1.040000,1.9235,1.9235,1.9235,1.9235,1.9235,3.9878,3.9878,3.9878,3.9878,3.9878,4.4765,4.4765,4.4765,4.4765,4.4765,2.4122,2.4122,2.4122,2.4122,2.4122
1.050000,1.9041,1.9041,1.9041,1.9041,1.9041,3.9554,3.9554,3.9554,3.9554,3.9554,4.4959,4.4959,4.4959,4.4959,4.4959,2.4446,2.4446,2.4446,2.4446,2.4446
1.060000,1.8855,1.8855,1.8855,1.8855,1.8855,3.9226,3.9226,3.9226,3.9226,3.9226,4.5145,4.5145,4.5145,4.5145,4.5145,2.4774,2.4774,2.4774,2.4774,2.4774
1.070000,1.8678,1.8678,1.8678,1.8678,1.8678,3.8894,3.8894,3.8894,3.8894,3.8894,4.5322,4.5322,4.5322,4.5322,4.5322,2.5106,2.5106,2.5106,2.5106,2.5106
1.080000,1.8509,1.8509,1.8509,1.8509,1.8509,3.8557,3.8557,3.8557,3.8557,3.8557,4.5491,4.5491,4.5491,4.5491,4.5491,2.5443,2.5443,2.5443,2.5443,2.5443
1.090000,1.8348,1.8348,1.8348,1.8348,1.8348,3.8216,3.8216,3.8216,3.8216,3.8216,4.5652,4.5652,4.5652,4.5652,4.5652,2.5784,2.5784,2.5784,2.5784,2.5784
1.100000,1.8197,1.8197,1.8197,1.8197,1.8197,3.7871,3.7871,3.7871,3.7871,3.7871,4.5803,4.5803,4.5803,4.5803,4.5803,2.6129,2.6129,2.6129,2.6129,2.6129
1.110000,1.8053,1.8053,1.8053,1.8053,1.8053,3.7522,3.7522,3.7522,3.7522,3.7522,4.5947,4.5947,4.5947,4.5947,4.5947,2.6478,2.6478,2.6478,2.6478,2.6478
1.120000,1.7919,1.7919,1.7919,1.7919,1.7919,3.7170,3.7170,3.7170,3.7170,3.7170,4.6081,4.6081,4.6081,4.6081,4.6081,2.6830,2.6830,2.6830,2.6830,2.6830
1.130000,1.7794,1.7794,1.7794,1.7794,1.7794,3.6814,3.6814,3.6814,3.6814,3.6814,4.6206,4.6206,4.6206,4.6206,4.6206,2.7186,2.7186,2.7186,2.7186,2.7186
1.140000,1.7677,1.7677,1.7677,1.7677,1.7677,3.6456,3.6456,3.6456,3.6456,3.6456,4.6323,4.6323,4.6323,4.6323,4.6323,2.7544,2.7544,2.7544,2.7544,2.7544
1.150000,1.7570,1.7570,1.7570,1.7570,1.7570,3.6094,3.6094,3.6094,3.6094,3.6094,4.6430,4.6430,4.6430,4.6430,4.6430,2.7906,2.7906,2.7906,2.7906,2.7906
1.160000,1.7471,1.7471,1.7471,1.7471,1.7471,3.5730,3.5730,3.5730,3.5730,3.5730,4.6529,4.6529,4.6529,4.6529,4.6529,2.8270,2.8270,2.8270,2.8270,2.8270
1.170000,1.7382,1.7382,1.7382,1.7382,1.7382,3.5364,3.5364,3.5364,3.5364,3.5364,4.6618,4.6618,4.6618,4.6618,4.6618,2.8636,2.8636,2.8636,2.8636,2.8636
1.180000,1.7302,1.7302,1.7302,1.7302,1.7302,3.4996,3.4996,3.4996,3.4996,3.4996,4.6698,4.6698,4.6698,4.6698,4.6698,2.9004,2.9004,2.9004,2.9004,2.9004
1.190000,1.7232,1.7232,1.7232,1.7232,1.7232,3.4625,3.4625,3.4625,3.4625,3.4625,4.6768,4.6768,4.6768,4.6768,4.6768,2.9375,2.9375,2.9375,2.9375,2.9375
1.200000,1.7170,1.7170,1.7170,1.7170,1.7170,3.4253,3.4253,3.4253,3.4253,3.4253,4.6830,4.6830,4.6830,4.6830,4.6830,2.9747,2.9747,2.9747,2.9747,2.9747
1.210000,1.7118,1.7118,1.7118,1.7118,1.7118,3.3880,3.3880,3.3880,3.3880,3.3880,4.6882,4.6882,4.6882,4.6882,4.6882,3.0120,3.0120,3.0120,3.0120,3.0120
1.220000,1.7076,1.7076,1.7076,1.7076,1.7076,3.3505,3.3505,3.3505,3.3505,3.3505,4.6924,4.6924,4.6924,4.6924,4.6924,3.0495,3.0495,3.0495,3.0495,3.0495
1.230000,1.7043,1.7043,1.7043,1.7043,1.7043,3.3130,3.3130,3.3130,3.3130,3.3130,4.6957,4.6957,4.6957,4.6957,4.6957,3.0870,3.0870,3.0870,3.0870,3.0870
1.240000,1.7019,1.7019,1.7019,1.7019,1.7019,3.2754,3.2754,3.2754,3.2754,3.2754,4.6981,4.6981,4.6981,4.6981,4.6981,3.1246,3.1246,3.1246,3.1246,3.1246
1.250000,1.7005,1.7005,1.7005,1.7005,1.7005,3.2377,3.2377,3.2377,3.2377,3.2377,4.6995,4.6995,4.6995,4.6995,4.6995,3.1623,3.1623,3.1623,3.1623,3.1623
1.260000,1.7000,1.7000,1.7000,1.7000,1.7000,3.2000,3.2000,3.2000,3.2000,3.2000,4.7000,4.7000,4.7000,4.7000,4.7000,3.2000,3.2000,3.2000,3.2000,3.2000
1.270000,1.7005,1.7005,1.7005,1.7005,1.7005,3.1623,3.1623,3.1623,3.1623,3.1623,4.6995,4.6995,4.6995,4.6995,4.6995,3.2377,3.2377,3.2377,3.2377,3.2377
1.280000,1.7019,1.7019,1.7019,1.7019,1.7019,3.1246,3.1246,3.1246,3.1246,3.1246,4.6981,4.6981,4.6981,4.6981,4.6981,3.2754,3.2754,3.2754,3.2754,3.2754
1.290000,1.7043,1.7043,1.7043,1.7043,1.7043,3.0870,3.0870,3.0870,3.0870,3.0870,4.6957,4.6957,4.6957,4.6957,4.6957,3.3130,3.3130,3.3130,3.3130,3.3130
1.300000,1.7076,1.7076,1.7076,1.7076,1.7076,3.0495,3.0495,3.0495,3.0495,3.0495,4.6924,4.6924,4.6924,4.6924,4.6924,3.3505,3.3505,3.3505,3.3505,3.3505
1.310000,1.7118,1.7118,1.7118,1.7118,1.7118,3.0120,3.0120,3.0120,3.0120,3.0120,4.6882,4.6882,4.6882,4.6882,4.6882,3.3880,3.3880,3.3880,3.3880,3.3880
1.320000,1.7170,1.7170,1.7170,1.7170,1.7170,2.9747,2.9747,2.9747,2.9747,2.9747,4.6830,4.6830,4.6830,4.6830,4.6830,3.4253,3.4253,3.4253,3.4253,3.4253
1.330000,1.7232,1.7232,1.7232,1.7232,1.7232,2.9375,2.9375,2.9375,2.9375,2.9375,4.6768,4.6768,4.6768,4.6768,4.6768,3.4625,3.4625,3.4625,3.4625,3.4625
1.340000,1.7302,1.7302,1.7302,1.7302,1.7302,2.9004,2.9004,2.9004,2.9004,2.9004,4.6698,4.6698,4.6698,4.6698,4.6698,3.4996,3.4996,3.4996,3.4996,3.4996
1.350000,1.7382,1.7382,1.7382,1.7382,1.7382,2.8636,2.8636,2.8636,2.8636,2.8636,4.6618,4.6618,4.6618,4.6618,4.6618,3.5364,3.5364,3.5364,3.5364,3.5364
1.360000,1.7471,1.7471,1.7471,1.7471,1.7471,2.8270,2.8270,2.8270,2.8270,2.8270,4.6529,4.6529,4.6529,4.6529,4.6529,3.5730,3.5730,3.5730,3.5730,3.5730
1.370000,1.7570,1.7570,1.7570,1.7570,1.7570,2.7906,2.7906,2.7906,2.7906,2.7906,4.6430,4.6430,4.6430,4.6430,4.6430,3.6094,3.6094,3.6094,3.6094,3.6094
1.380000,1.7677,1.7677,1.7677,1.7677,1.7677,2.7544,2.7544,2.7544,2.7544,2.7544,4.6323,4.6323,4.6323,4.6323,4.6323,3.6456,3.6456,3.6456,3.6456,3.6456
1.390000,1.7794,1.7794,1.7794,1.7794,1.7794,2.7186,2.7186,2.7186,2.7186,2.7186,4.6206,4.6206,4.6206,4.6206,4.6206,3.6814,3.6814,3.6814,3.6814,3.6814
1.400000,1.7919,1.7919,1.7919,1.7919,1.7919,2.6830,2.6830,2.6830,2.6830,2.6830,4.6081,4.6081,4.6081,4.6081,4.6081,3.7170,3.7170,3.7170,3.7170,3.7170
1.410000,1.8053,1.8053,1.8053,1.8053,1.8053,2.6478,2.6478,2.6478,2.6478,2.6478,4.5947,4.5947,4.5947,4.5947,4.5947,3.7522,3.7522,3.7522,3.7522,3.7522
1.420000,1.8197,1.8197,1.8197,1.8197,1.8197,2.6129,2.6129,2.6129,2.6129,2.6129,4.5803,4.5803,4.5803,4.5803,4.5803,3.7871,3.7871,3.7871,3.7871,3.7871
1.430000,1.8348,1.8348,1.8348,1.8348,1.8348,2.5784,2.5784,2.5784,2.5784,2.5784,4.5652,4.5652,4.5652,4.5652,4.5652,3.8216,3.8216,3.8216,3.8216,3.8216
1.440000,1.8509,1.8509,1.8509,1.8509,1.8509,2.5443,2.5443,2.5443,2.5443,2.5443,4.5491,4.5491,4.5491,4.5491,4.5491,3.8557,3.8557,3.8557,3.8557,3.8557
1.450000,1.8678,1.8678,1.8678,1.8678,1.8678,2.5106,2.5106,2.5106,2.5106,2.5106,4.5322,4.5322,4.5322,4.5322,4.5322,3.8894,3.8894,3.8894,3.8894,3.8894
1.460000,1.8855,1.8855,1.8855,1.8855,1.8855,2.4774,2.4774,2.4774,2.4774,2.4774,4.5145,4.5145,4.5145,4.5145,4.5145,3.9226,3.9226,3.9226,3.9226,3.9226
1.470000,1.9041,1.9041,1.9041,1.9041,1.9041,2.4446,2.4446,2.4446,2.4446,2.4446,4.4959,4.4959,4.4959,4.4959,4.4959,3.9554,3.9554,3.9554,3.9554,3.9554
1.480000,1.9235,1.9235,1.9235,1.9235,1.9235,2.4122,2.4122,2.4122,2.4122,2.4122,4.4765,4.4765,4.4765,4.4765,4.4765,3.9878,3.9878,3.9878,3.9878,3.9878
1.490000,1.9437,1.9437,1.9437,1.9437,1.9437,2.3804,2.3804,2.3804,2.3804,2.3804,4.4563,4.4563,4.4563,4.4563,4.4563,4.0196,4.0196,4.0196,4.0196,4.0196
1.500000,1.9647,1.9647,1.9647,1.9647,1.9647,2.3491,2.3491,2.3491,2.3491,2.3491,4.4353,4.4353,4.4353,4.4353,4.4353,4.0509,4.0509,4.0509,4.0509,4.0509
1.510000,1.9865,1.9865,1.9865,1.9865,1.9865,2.3183,2.3183,2.3183,2.3183,2.3183,4.4135,4.4135,4.4135,4.4135,4.4135,4.0817,4.0817,4.0817,4.0817,4.0817
1.520000,2.0090,2.0090,2.0090,2.0090,2.0090,2.2881,2.2881,2.2881,2.2881,2.2881,4.3910,4.3910,4.3910,4.3910,4.3910,4.1119,4.1119,4.1119,4.1119,4.1119
1.530000,2.0323,2.0323,2.0323,2.0323,2.0323,2.2585,2.2585,2.2585,2.2585,2.2585,4.3677,4.3677,4.3677,4.3677,4.3677,4.1415,4.1415,4.1415,4.1415,4.1415
1.540000,2.0563,2.0563,2.0563,2.0563,2.0563,2.2294,2.2294,2.2294,2.2294,2.2294,4.3437,4.3437,4.3437,4.3437,4.3437,4.1706,4.1706,4.1706,4.1706,4.1706
1.550000,2.0811,2.0811,2.0811,2.0811,2.0811,2.2010,2.2010,2.2010,2.2010,2.2010,4.3189,4.3189,4.3189,4.3189,4.3189,4.1990,4.1990,4.1990,4.1990,4.1990
1.560000,2.1065,2.1065,2.1065,2.1065,2.1065,2.1732,2.1732,2.1732,2.1732,2.1732,4.2935,4.2935,4.2935,4.2935,4.2935,4.2268,4.2268,4.2268,4.2268,4.2268
1.570000,2.1327,2.1327,2.1327,2.1327,2.1327,2.1460,2.1460,2.1460,2.1460,2.1460,4.2673,4.2673,4.2673,4.2673,4.2673,4.2540,4.2540,4.2540,4.2540,4.2540
1.580000,2.1595,2.1595,2.1595,2.1595,2.1595,2.1195,2.1195,2.1195,2.1195,2.1195,4.2405,4.2405,4.2405,4.2405,4.2405,4.2805,4.2805,4.2805,4.2805,4.2805
1.590000,2.1870,2.1870,2.1870,2.1870,2.1870,2.0937,2.0937,2.0937,2.0937,2.0937,4.2130,4.2130,4.2130,4.2130,4.2130,4.3063,4.3063,4.3063,4.3063,4.3063
1.600000,2.2151,2.2151,2.2151,2.2151,2.2151,2.0686,2.0686,2.0686,2.0686,2.0686,4.1849,4.1849,4.1849,4.1849,4.1849,4.3314,4.3314,4.3314,4.3314,4.3314
1.610000,2.2439,2.2439,2.2439,2.2439,2.2439,2.0442,2.0442,2.0442,2.0442,2.0442,4.1561,4.1561,4.1561,4.1561,4.1561,4.3558,4.3558,4.3558,4.3558,4.3558
1.620000,2.2732,2.2732,2.2732,2.2732,2.2732,2.0206,2.0206,2.0206,2.0206,2.0206,4.1268,4.1268,4.1268,4.1268,4.1268,4.3794,4.3794,4.3794,4.3794,4.3794
1.630000,2.3031,2.3031,2.3031,2.3031,2.3031,1.9976,1.9976,1.9976,1.9976,1.9976,4.0969,4.0969,4.0969,4.0969,4.0969,4.4024,4.4024,4.4024,4.4024,4.4024
1.640000,2.3336,2.3336,2.3336,2.3336,2.3336,1.9755,1.9755,1.9755,1.9755,1.9755,4.0664,4.0664,4.0664,4.0664,4.0664,4.4245,4.4245,4.4245,4.4245,4.4245
1.650000,2.3647,2.3647,2.3647,2.3647,2.3647,1.9541,1.9541,1.9541,1.9541,1.9541,4.0353,4.0353,4.0353,4.0353,4.0353,4.4459,4.4459,4.4459,4.4459,4.4459
1.660000,2.3963,2.3963,2.3963,2.3963,2.3963,1.9335,1.9335,1.9335,1.9335,1.9335,4.0037,4.0037,4.0037,4.0037,4.0037,4.4665,4.4665,4.4665,4.4665,4.4665
1.670000,2.4283,2.4283,2.4283,2.4283,2.4283,1.9137,1.9137,1.9137,1.9137,1.9137,3.9717,3.9717,3.9717,3.9717,3.9717,4.4863,4.4863,4.4863,4.4863,4.4863
1.680000,2.4609,2.4609,2.4609,2.4609,2.4609,1.8947,1.8947,1.8947,1.8947,1.8947,3.9391,3.9391,3.9391,3.9391,3.9391,4.5053,4.5053,4.5053,4.5053,4.5053
1.690000,2.4939,2.4939,2.4939,2.4939,2.4939,1.8766,1.8766,1.8766,1.8766,1.8766,3.9061,3.9061,3.9061,3.9061,3.9061,4.5234,4.5234,4.5234,4.5234,4.5234
1.700000,2.5274,2.5274,2.5274,2.5274,2.5274,1.8592,1.8592,1.8592,1.8592,1.8592,3.8726,3.8726,3.8726,3.8726,3.8726,4.5408,4.5408,4.5408,4.5408,4.5408
1.710000,2.5613,2.5613,2.5613,2.5613,2.5613,1.8428,1.8428,1.8428,1.8428,1.8428,3.8387,3.8387,3.8387,3.8387,3.8387,4.5572,4.5572,4.5572,4.5572,4.5572
1.720000,2.5956,2.5956,2.5956,2.5956,2.5956,1.8271,1.8271,1.8271,1.8271,1.8271,3.8044,3.8044,3.8044,3.8044,3.8044,4.5729,4.5729,4.5729,4.5729,4.5729
1.730000,2.6303,2.6303,2.6303,2.6303,2.6303,1.8124,1.8124,1.8124,1.8124,1.8124,3.7697,3.7697,3.7697,3.7697,3.7697,4.5876,4.5876,4.5876,4.5876,4.5876
1.740000,2.6654,2.6654,2.6654,2.6654,2.6654,1.7985,1.7985,1.7985,1.7985,1.7985,3.7346,3.7346,3.7346,3.7346,3.7346,4.6015,4.6015,4.6015,4.6015,4.6015
1.750000,2.7008,2.7008,2.7008,2.7008,2.7008,1.7855,1.7855,1.7855,1.7855,1.7855,3.6992,3.6992,3.6992,3.6992,3.6992,4.6145,4.6145,4.6145,4.6145,4.6145
1.760000,2.7365,2.7365,2.7365,2.7365,2.7365,1.7734,1.7734,1.7734,1.7734,1.7734,3.6635,3.6635,3.6635,3.6635,3.6635,4.6266,4.6266,4.6266,4.6266,4.6266
1.770000,2.7725,2.7725,2.7725,2.7725,2.7725,1.7622,1.7622,1.7622,1.7622,1.7622,3.6275,3.6275,3.6275,3.6275,3.6275,4.6378,4.6378,4.6378,4.6378,4.6378
1.780000,2.8087,2.8087,2.8087,2.8087,2.8087,1.7519,1.7519,1.7519,1.7519,1.7519,3.5913,3.5913,3.5913,3.5913,3.5913,4.6481,4.6481,4.6481,4.6481,4.6481
1.790000,2.8453,2.8453,2.8453,2.8453,2.8453,1.7426,1.7426,1.7426,1.7426,1.7426,3.5547,3.5547,3.5547,3.5547,3.5547,4.6574,4.6574,4.6574,4.6574,4.6574
1.800000,2.8820,2.8820,2.8820,2.8820,2.8820,1.7341,1.7341,1.7341,1.7341,1.7341,3.5180,3.5180,3.5180,3.5180,3.5180,4.6659,4.6659,4.6659,4.6659,4.6659
1.810000,2.9189,2.9189,2.9189,2.9189,2.9189,1.7266,1.7266,1.7266,1.7266,1.7266,3.4811,3.4811,3.4811,3.4811,3.4811,4.6734,4.6734,4.6734,4.6734,4.6734
1.820000,2.9560,2.9560,2.9560,2.9560,2.9560,1.7200,1.7200,1.7200,1.7200,1.7200,3.4440,3.4440,3.4440,3.4440,3.4440,4.6800,4.6800,4.6800,4.6800,4.6800
1.830000,2.9933,2.9933,2.9933,2.9933,2.9933,1.7143,1.7143,1.7143,1.7143,1.7143,3.4067,3.4067,3.4067,3.4067,3.4067,4.6857,4.6857,4.6857,4.6857,4.6857
1.840000,3.0307,3.0307,3.0307,3.0307,3.0307,1.7096,1.7096,1.7096,1.7096,1.7096,3.3693,3.3693,3.3693,3.3693,3.3693,4.6904,4.6904,4.6904,4.6904,4.6904
1.850000,3.0682,3.0682,3.0682,3.0682,3.0682,1.7058,1.7058,1.7058,1.7058,1.7058,3.3318,3.3318,3.3318,3.3318,3.3318,4.6942,4.6942,4.6942,4.6942,4.6942
1.860000,3.1058,3.1058,3.1058,3.1058,3.1058,1.7030,1.7030,1.7030,1.7030,1.7030,3.2942,3.2942,3.2942,3.2942,3.2942,4.6970,4.6970,4.6970,4.6970,4.6970
1.870000,3.1435,3.1435,3.1435,3.1435,3.1435,1.7011,1.7011,1.7011,1.7011,1.7011,3.2565,3.2565,3.2565,3.2565,3.2565,4.6989,4.6989,4.6989,4.6989,4.6989
1.880000,3.1812,3.1812,3.1812,3.1812,3.1812,1.7001,1.7001,1.7001,1.7001,1.7001,3.2188,3.2188,3.2188,3.2188,3.2188,4.6999,4.6999,4.6999,4.6999,4.6999
1.890000,3.2188,3.2188,3.2188,3.2188,3.2188,1.7001,1.7001,1.7001,1.7001,1.7001,3.1812,3.1812,3.1812,3.1812,3.1812,4.6999,4.6999,4.6999,4.6999,4.6999
1.900000,3.2565,3.2565,3.2565,3.2565,3.2565,1.7011,1.7011,1.7011,1.7011,1.7011,3.1435,3.1435,3.1435,3.1435,3.1435,4.6989,4.6989,4.6989,4.6989,4.6989
1.910000,3.2942,3.2942,3.2942,3.2942,3.2942,1.7030,1.7030,1.7030,1.7030,1.7030,3.1058,3.1058,3.1058,3.1058,3.1058,4.6970,4.6970,4.6970,4.6970,4.6970
1.920000,3.3318,3.3318,3.3318,3.3318,3.3318,1.7058,1.7058,1.7058,1.7058,1.7058,3.0682,3.0682,3.0682,3.0682,3.0682,4.6942,4.6942,4.6942,4.6942,4.6942
1.930000,3.3693,3.3693,3.3693,3.3693,3.3693,1.7096,1.7096,1.7096,1.7096,1.7096,3.0307,3.0307,3.0307,3.0307,3.0307,4.6904,4.6904,4.6904,4.6904,4.6904
1.940000,3.4067,3.4067,3.4067,3.4067,3.4067,1.7143,1.7143,1.7143,1.7143,1.7143,2.9933,2.9933,2.9933,2.9933,2.9933,4.6857,4.6857,4.6857,4.6857,4.6857
1.950000,3.4440,3.4440,3.4440,3.4440,3.4440,1.7200,1.7200,1.7200,1.7200,1.7200,2.9560,2.9560,2.9560,2.9560,2.9560,4.6800,4.6800,4.6800,4.6800,4.6800
1.960000,3.4811,3.4811,3.4811,3.4811,3.4811,1.7266,1.7266,1.7266,1.7266,1.7266,2.9189,2.9189,2.9189,2.9189,2.9189,4.6734,4.6734,4.6734,4.6734,4.6734
1.970000,3.5180,3.5180,3.5180,3.5180,3.5180,1.7341,1.7341,1.7341,1.7341,1.7341,2.8820,2.8820,2.8820,2.8820,2.8820,4.6659,4.6659,4.6659,4.6659,4.6659
1.980000,3.5547,3.5547,3.5547,3.5547,3.5547,1.7426,1.7426,1.7426,1.7426,1.7426,2.8453,2.8453,2.8453,2.8453,2.8453,4.6574,4.6574,4.6574,4.6574,4.6574
1.990000,3.5913,3.5913,3.5913,3.5913,3.5913,1.7519,1.7519,1.7519,1.7519,1.7519,2.8087,2.8087,2.8087,2.8087,2.8087,4.6481,4.6481,4.6481,4.6481,4.6481
2.000000,3.6275,3.6275,3.6275,3.6275,3.6275,1.7622,1.7622,1.7622,1.7622,1.7622,2.7725,2.7725,2.7725,2.7725,2.7725,4.6378,4.6378,4.6378,4.6378,4.6378
2.010000,3.6635,3.6635,3.6635,3.6635,3.6635,1.7734,1.7734,1.7734,1.7734,1.7734,2.7365,2.7365,2.7365,2.7365,2.7365,4.6266,4.6266,4.6266,4.6266,4.6266
2.020000,3.6992,3.6992,3.6992,3.6992,3.6992,1.7855,1.7855,1.7855,1.7855,1.7855,2.7008,2.7008,2.7008,2.7008,2.7008,4.6145,4.6145,4.6145,4.6145,4.6145
2.030000,3.7346,3.7346,3.7346,3.7346,3.7346,1.7985,1.7985,1.7985,1.7985,1.7985,2.6654,2.6654,2.6654,2.6654,2.6654,4.6015,4.6015,4.6015,4.6015,4.6015
2.040000,3.7697,3.7697,3.7697,3.7697,3.7697,1.8124,1.8124,1.8124,1.8124,1.8124,2.6303,2.6303,2.6303,2.6303,2.6303,4.5876,4.5876,4.5876,4.5876,4.5876
2.050000,3.8044,3.8044,3.8044,3.8044,3.8044,1.8271,1.8271,1.8271,1.8271,1.8271,2.5956,2.5956,2.5956,2.5956,2.5956,4.5729,4.5729,4.5729,4.5729,4.5729
2.060000,3.8387,3.8387,3.8387,3.8387,3.8387,1.8428,1.8428,1.8428,1.8428,1.8428,2.5613,2.5613,2.5613,2.5613,2.5613,4.5572,4.5572,4.5572,4.5572,4.5572
2.070000,3.8726,3.8726,3.8726,3.8726,3.8726,1.8592,1.8592,1.8592,1.8592,1.8592,2.5274,2.5274,2.5274,2.5274,2.5274,4.5408,4.5408,4.5408,4.5408,4.5408
2.080000,3.9061,3.9061,3.9061,3.9061,3.9061,1.8766,1.8766,1.8766,1.8766,1.8766,2.4939,2.4939,2.4939,2.4939,2.4939,4.5234,4.5234,4.5234,4.5234,4.5234
2.090000,3.9391,3.9391,3.9391,3.9391,3.9391,1.8947,1.8947,1.8947,1.8947,1.8947,2.4609,2.4609,2.4609,2.4609,2.4609,4.5053,4.5053,4.5053,4.5053,4.5053
2.100000,3.9717,3.9717,3.9717,3.9717,3.9717,1.9137,1.9137,1.9137,1.9137,1.9137,2.4283,2.4283,2.4283,2.4283,2.4283,4.4863,4.4863,4.4863,4.4863,4.4863
2.110000,4.0037,4.0037,4.0037,4.0037,4.0037,1.9335,1.9335,1.9335,1.9335,1.9335,2.3963,2.3963,2.3963,2.3963,2.3963,4.4665,4.4665,4.4665,4.4665,4.4665
2.120000,4.0353,4.0353,4.0353,4.0353,4.0353,1.9541,1.9541,1.9541,1.9541,1.9541,2.3647,2.3647,2.3647,2.3647,2.3647,4.4459,4.4459,4.4459,4.4459,4.4459
2.130000,4.0664,4.0664,4.0664,4.0664,4.0664,1.9755,1.9755,1.9755,1.9755,1.9755,2.3336,2.3336,2.3336,2.3336,2.3336,4.4245,4.4245,4.4245,4.4245,4.4245
2.140000,4.0969,4.0969,4.0969,4.0969,4.0969,1.9976,1.9976,1.9976,1.9976,1.9976,2.3031,2.3031,2.3031,2.3031,2.3031,4.4024,4.4024,4.4024,4.4024,4.4024
2.150000,4.1268,4.1268,4.1268,4.1268,4.1268,2.0206,2.0206,2.0206,2.0206,2.0206,2.2732,2.2732,2.2732,2.2732,2.2732,4.3794,4.3794,4.3794,4.3794,4.3794
2.160000,4.1561,4.1561,4.1561,4.1561,4.1561,2.0442,2.0442,2.0442,2.0442,2.0442,2.2439,2.2439,2.2439,2.2439,2.2439,4.3558,4.3558,4.3558,4.3558,4.3558
2.170000,4.1849,4.1849,4.1849,4.1849,4.1849,2.0686,2.0686,2.0686,2.0686,2.0686,2.2151,2.2151,2.2151,2.2151,2.2151,4.3314,4.3314,4.3314,4.3314,4.3314
2.180000,4.2130,4.2130,4.2130,4.2130,4.2130,2.0937,2.0937,2.0937,2.0937,2.0937,2.1870,2.1870,2.1870,2.1870,2.1870,4.3063,4.3063,4.3063,4.3063,4.3063
2.190000,4.2405,4.2405,4.2405,4.2405,4.2405,2.1195,2.1195,2.1195,2.1195,2.1195,2.1595,2.1595,2.1595,2.1595,2.1595,4.2805,4.2805,4.2805,4.2805,4.2805
2.200000,4.2673,4.2673,4.2673,4.2673,4.2673,2.1460,2.1460,2.1460,2.1460,2.1460,2.1327,2.1327,2.1327,2.1327,2.1327,4.2540,4.2540,4.2540,4.2540,4.2540
2.210000,4.2935,4.2935,4.2935,4.2935,4.2935,2.1732,2.1732,2.1732,2.1732,2.1732,2.1065,2.1065,2.1065,2.1065,2.1065,4.2268,4.2268,4.2268,4.2268,4.2268
2.220000,4.3189,4.3189,4.3189,4.3189,4.3189,2.2010,2.2010,2.2010,2.2010,2.2010,2.0811,2.0811,2.0811,2.0811,2.0811,4.1990,4.1990,4.1990,4.1990,4.1990
2.230000,4.3437,4.3437,4.3437,4.3437,4.3437,2.2294,2.2294,2.2294,2.2294,2.2294,2.0563,2.0563,2.0563,2.0563,2.0563,4.1706,4.1706,4.1706,4.1706,4.1706
2.240000,4.3677,4.3677,4.3677,4.3677,4.3677,2.2585,2.2585,2.2585,2.2585,2.2585,2.0323,2.0323,2.0323,2.0323,2.0323,4.1415,4.1415,4.1415,4.1415,4.1415
2.250000,4.3910,4.3910,4.3910,4.3910,4.3910,2.2881,2.2881,2.2881,2.2881,2.2881,2.0090,2.0090,2.0090,2.0090,2.0090,4.1119,4.1119,4.1119,4.1119,4.1119
2.260000,4.4135,4.4135,4.4135,4.4135,4.4135,2.3183,2.3183,2.3183,2.3183,2.3183,1.9865,1.9865,1.9865,1.9865,1.9865,4.0817,4.0817,4.0817,4.0817,4.0817
2.270000,4.4353,4.4353,4.4353,4.4353,4.4353,2.3491,2.3491,2.3491,2.3491,2.3491,1.9647,1.9647,1.9647,1.9647,1.9647,4.0509,4.0509,4.0509,4.0509,4.0509
2.280000,4.4563,4.4563,4.4563,4.4563,4.4563,2.3804,2.3804,2.3804,2.3804,2.3804,1.9437,1.9437,1.9437,1.9437,1.9437,4.0196,4.0196,4.0196,4.0196,4.0196
2.290000,4.4765,4.4765,4.4765,4.4765,4.4765,2.4122,2.4122,2.4122,2.4122,2.4122,1.9235,1.9235,1.9235,1.9235,1.9235,3.9878,3.9878,3.9878,3.9878,3.9878
2.300000,4.4959,4.4959,4.4959,4.4959,4.4959,2.4446,2.4446,2.4446,2.4446,2.4446,1.9041,1.9041,1.9041,1.9041,1.9041,3.9554,3.9554,3.9554,3.9554,3.9554
2.310000,4.5145,4.5145,4.5145,4.5145,4.5145,2.4774,2.4774,2.4774,2.4774,2.4774,1.8855,1.8855,1.8855,1.8855,1.8855,3.9226,3.9226,3.9226,3.9226,3.9226
2.320000,4.5322,4.5322,4.5322,4.5322,4.5322,2.5106,2.5106,2.5106,2.5106,2.5106,1.8678,1.8678,1.8678,1.8678,1.8678,3.8894,3.8894,3.8894,3.8894,3.8894
2.330000,4.5491,4.5491,4.5491,4.5491,4.5491,2.5443,2.5443,2.5443,2.5443,2.5443,1.8509,1.8509,1.8509,1.8509,1.8509,3.8557,3.8557,3.8557,3.8557,3.8557
2.340000,4.5652,4.5652,4.5652,4.5652,4.5652,2.5784,2.5784,2.5784,2.5784,2.5784,1.8348,1.8348,1.8348,1.8348,1.8348,3.8216,3.8216,3.8216,3.8216,3.8216
2.350000,4.5803,4.5803,4.5803,4.5803,4.5803,2.6129,2.6129,2.6129,2.6129,2.6129,1.8197,1.8197,1.8197,1.8197,1.8197,3.7871,3.7871,3.7871,3.7871,3.7871
2.360000,4.5947,4.5947,4.5947,4.5947,4.5947,2.6478,2.6478,2.6478,2.6478,2.6478,1.8053,1.8053,1.8053,1.8053,1.8053,3.7522,3.7522,3.7522,3.7522,3.7522
2.370000,4.6081,4.6081,4.6081,4.6081,4.6081,2.6830,2.6830,2.6830,2.6830,2.6830,1.7919,1.7919,1.7919,1.7919,1.7919,3.7170,3.7170,3.7170,3.7170,3.7170
2.380000,4.6206,4.6206,4.6206,4.6206,4.6206,2.7186,2.7186,2.7186,2.7186,2.7186,1.7794,1.7794,1.7794,1.7794,1.7794,3.6814,3.6814,3.6814,3.6814,3.6814
2.390000,4.6323,4.6323,4.6323,4.6323,4.6323,2.7544,2.7544,2.7544,2.7544,2.7544,1.7677,1.7677,1.7677,1.7677,1.7677,3.6456,3.6456,3.6456,3.6456,3.6456
2.400000,4.6430,4.6430,4.6430,4.6430,4.6430,2.7906,2.7906,2.7906,2.7906,2.7906,1.7570,1.7570,1.7570,1.7570,1.7570,3.6094,3.6094,3.6094,3.6094,3.6094
2.410000,4.6529,4.6529,4.6529,4.6529,4.6529,2.8270,2.8270,2.8270,2.8270,2.8270,1.7471,1.7471,1.7471,1.7471,1.7471,3.5730,3.5730,3.5730,3.5730,3.5730
2.420000,4.6618,4.6618,4.6618,4.6618,4.6618,2.8636,2.8636,2.8636,2.8636,2.8636,1.7382,1.7382,1.7382,1.7382,1.7382,3.5364,3.5364,3.5364,3.5364,3.5364
2.430000,4.6698,4.6698,4.6698,4.6698,4.6698,2.9004,2.9004,2.9004,2.9004,2.9004,1.7302,1.7302,1.7302,1.7302,1.7302,3.4996,3.4996,3.4996,3.4996,3.4996
2.440000,4.6768,4.6768,4.6768,4.6768,4.6768,2.9375,2.9375,2.9375,2.9375,2.9375,1.7232,1.7232,1.7232,1.7232,1.7232,3.4625,3.4625,3.4625,3.4625,3.4625
2.450000,4.6830,4.6830,4.6830,4.6830,4.6830,2.9747,2.9747,2.9747,2.9747,2.9747,1.7170,1.7170,1.7170,1.7170,1.7170,3.4253,3.4253,3.4253,3.4253,3.4253
2.460000,4.6882,4.6882,4.6882,4.6882,4.6882,3.0120,3.0120,3.0120,3.0120,3.0120,1.7118,1.7118,1.7118,1.7118,1.7118,3.3880,3.3880,3.3880,3.3880,3.3880
2.470000,4.6924,4.6924,4.6924,4.6924,4.6924,3.0495,3.0495,3.0495,3.0495,3.0495,1.7076,1.7076,1.7076,1.7076,1.7076,3.3505,3.3505,3.3505,3.3505,3.3505
2.480000,4.6957,4.6957,4.6957,4.6957,4.6957,3.0870,3.0870,3.0870,3.0870,3.0870,1.7043,1.7043,1.7043,1.7043,1.7043,3.3130,3.3130,3.3130,3.3130,3.3130
2.490000,4.6981,4.6981,4.6981,4.6981,4.6981,3.1246,3.1246,3.1246,3.1246,3.1246,1.7019,1.7019,1.7019,1.7019,1.7019,3.2754,3.2754,3.2754,3.2754,3.2754
2.500000,4.6995,4.6995,4.6995,4.6995,4.6995,3.1623,3.1623,3.1623,3.1623,3.1623,1.7005,1.7005,1.7005,1.7005,1.7005,3.2377,3.2377,3.2377,3.2377,3.2377
2.510000,4.7000,4.7000,4.7000,4.7000,4.7000,3.2000,3.2000,3.2000,3.2000,3.2000,1.7000,1.7000,1.7000,1.7000,1.7000,3.2000,3.2000,3.2000,3.2000,3.2000
2.520000,4.6995,4.6995,4.6995,4.6995,4.6995,3.2377,3.2377,3.2377,3.2377,3.2377,1.7005,1.7005,1.7005,1.7005,1.7005,3.1623,3.1623,3.1623,3.1623,3.1623
2.530000,4.6981,4.6981,4.6981,4.6981,4.6981,3.2754,3.2754,3.2754,3.2754,3.2754,1.7019,1.7019,1.7019,1.7019,1.7019,3.1246,3.1246,3.1246,3.1246,3.1246
2.540000,4.6957,4.6957,4.6957,4.6957,4.6957,3.3130,3.3130,3.3130,3.3130,3.3130,1.7043,1.7043,1.7043,1.7043,1.7043,3.0870,3.0870,3.0870,3.0870,3.0870
2.550000,4.6924,4.6924,4.6924,4.6924,4.6924,3.3505,3.3505,3.3505,3.3505,3.3505,1.7076,1.7076,1.7076,1.7076,1.7076,3.0495,3.0495,3.0495,3.0495,3.0495
2.560000,4.6882,4.6882,4.6882,4.6882,4.6882,3.3880,3.3880,3.3880,3.3880,3.3880,1.7118,1.7118,1.7118,1.7118,1.7118,3.0120,3.0120,3.0120,3.0120,3.0120
2.570000,4.6830,4.6830,4.6830,4.6830,4.6830,3.4253,3.4253,3.4253,3.4253,3.4253,1.7170,1.7170,1.7170,1.7170,1.7170,2.9747,2.9747,2.9747,2.9747,2.9747
2.580000,4.6768,4.6768,4.6768,4.6768,4.6768,3.4625,3.4625,3.4625,3.4625,3.4625,1.7232,1.7232,1.7232,1.7232,1.7232,2.9375,2.9375,2.9375,2.9375,2.9375
2.590000,4.6698,4.6698,4.6698,4.6698,4.6698,3.4996,3.4996,3.4996,3.4996,3.4996,1.7302,1.7302,1.7302,1.7302,1.7302,2.9004,2.9004,2.9004,2.9004,2.9004
2.600000,4.6618,4.6618,4.6618,4.6618,4.6618,3.5364,3.5364,3.5364,3.5364,3.5364,1.7382,1.7382,1.7382,1.7382,1.7382,2.8636,2.8636,2.8636,2.8636,2.8636
2.610000,4.6529,4.6529,4.6529,4.6529,4.6529,3.5730,3.5730,3.5730,3.5730,3.5730,1.7471,1.7471,1.7471,1.7471,1.7471,2.8270,2.8270,2.8270,2.8270,2.8270
2.620000,4.6430,4.6430,4.6430,4.6430,4.6430,3.6094,3.6094,3.6094,3.6094,3.6094,1.7570,1.7570,1.7570,1.7570,1.7570,2.7906,2.7906,2.7906,2.7906,2.7906
2.630000,4.6323,4.6323,4.6323,4.6323,4.6323,3.6456,3.6456,3.6456,3.6456,3.6456,1.7677,1.7677,1.7677,1.7677,1.7677,2.7544,2.7544,2.7544,2.7544,2.7544
2.640000,4.6206,4.6206,4.6206,4.6206,4.6206,3.6814,3.6814,3.6814,3.6814,3.6814,1.7794,1.7794,1.7794,1.7794,1.7794,2.7186,2.7186,2.7186,2.7186,2.7186
2.650000,4.6081,4.6081,4.6081,4.6081,4.6081,3.7170,3.7170,3.7170,3.7170,3.7170,1.7919,1.7919,1.7919,1.7919,1.7919,2.6830,2.6830,2.6830,2.6830,2.6830
2.660000,4.5947,4.5947,4.5947,4.5947,4.5947,3.7522,3.7522,3.7522,3.7522,3.7522,1.8053,1.8053,1.8053,1.8053,1.8053,2.6478,2.6478,2.6478,2.6478,2.6478
2.670000,4.5803,4.5803,4.5803,4.5803,4.5803,3.7871,3.7871,3.7871,3.7871,3.7871,1.8197,1.8197,1.8197,1.8197,1.8197,2.6129,2.6129,2.6129,2.6129,2.6129
2.680000,4.5652,4.5652,4.5652,4.5652,4.5652,3.8216,3.8216,3.8216,3.8216,3.8216,1.8348,1.8348,1.8348,1.8348,1.8348,2.5784,2.5784,2.5784,2.5784,2.5784
2.690000,4.5491,4.5491,4.5491,4.5491,4.5491,3.8557,3.8557,3.8557,3.8557,3.8557,1.8509,1.8509,1.8509,1.8509,1.8509,2.5443,2.5443,2.5443,2.5443,2.5443
2.700000,4.5322,4.5322,4.5322,4.5322,4.5322,3.8894,3.8894,3.8894,3.8894,3.8894,1.8678,1.8678,1.8678,1.8678,1.8678,2.5106,2.5106,2.5106,2.5106,2.5106
2.710000,4.5145,4.5145,4.5145,4.5145,4.5145,3.9226,3.9226,3.9226,3.9226,3.9226,1.8855,1.8855,1.8855,1.8855,1.8855,2.4774,2.4774,2.4774,2.4774,2.4774
2.720000,4.4959,4.4959,4.4959,4.4959,4.4959,3.9554,3.9554,3.9554,3.9554,3.9554,1.9041,1.9041,1.9041,1.9041,1.9041,2.4446,2.4446,2.4446,2.4446,2.4446
2.730000,4.4765,4.4765,4.4765,4.4765,4.4765,3.9878,3.9878,3.9878,3.9878,3.9878,1.9235,1.9235,1.9235,1.9235,1.9235,2.4122,2.4122,2.4122,2.4122,2.4122
2.740000,4.4563,4.4563,4.4563,4.4563,4.4563,4.0196,4.0196,4.0196,4.0196,4.0196,1.9437,1.9437,1.9437,1.9437,1.9437,2.3804,2.3804,2.3804,2.3804,2.3804
2.750000,4.4353,4.4353,4.4353,4.4353,4.4353,4.0509,4.0509,4.0509,4.0509,4.0509,1.9647,1.9647,1.9647,1.9647,1.9647,2.3491,2.3491,2.3491,2.3491,2.3491
2.760000,4.4135,4.4135,4.4135,4.4135,4.4135,4.0817,4.0817,4.0817,4.0817,4.0817,1.9865,1.9865,1.9865,1.9865,1.9865,2.3183,2.3183,2.3183,2.3183,2.3183
2.770000,4.3910,4.3910,4.3910,4.3910,4.3910,4.1119,4.1119,4.1119,4.1119,4.1119,2.0090,2.0090,2.0090,2.0090,2.0090,2.2881,2.2881,2.2881,2.2881,2.2881
2.780000,4.3677,4.3677,4.3677,4.3677,4.3677,4.1415,4.1415,4.1415,4.1415,4.1415,2.0323,2.0323,2.0323,2.0323,2.0323,2.2585,2.2585,2.2585,2.2585,2.2585
2.790000,4.3437,4.3437,4.3437,4.3437,4.3437,4.1706,4.1706,4.1706,4.1706,4.1706,2.0563,2.0563,2.0563,2.0563,2.0563,2.2294,2.2294,2.2294,2.2294,2.2294
2.800000,4.3189,4.3189,4.3189,4.3189,4.3189,4.1990,4.1990,4.1990,4.1990,4.1990,2.0811,2.0811,2.0811,2.0811,2.0811,2.2010,2.2010,2.2010,2.2010,2.2010
2.810000,4.2935,4.2935,4.2935,4.2935,4.2935,4.2268,4.2268,4.2268,4.2268,4.2268,2.1065,2.1065,2.1065,2.1065,2.1065,2.1732,2.1732,2.1732,2.1732,2.1732
2.820000,4.2673,4.2673,4.2673,4.2673,4.2673,4.2540,4.2540,4.2540,4.2540,4.2540,2.1327,2.1327,2.1327,2.1327,2.1327,2.1460,2.1460,2.1460,2.1460,2.1460
2.830000,4.2405,4.2405,4.2405,4.2405,4.2405,4.2805,4.2805,4.2805,4.2805,4.2805,2.1595,2.1595,2.1595,2.1595,2.1595,2.1195,2.1195,2.1195,2.1195,2.1195
2.840000,4.2130,4.2130,4.2130,4.2130,4.2130,4.3063,4.3063,4.3063,4.3063,4.3063,2.1870,2.1870,2.1870,2.1870,2.1870,2.0937,2.0937,2.0937,2.0937,2.0937
2.850000,4.1849,4.1849,4.1849,4.1849,4.1849,4.3314,4.3314,4.3314,4.3314,4.3314,2.2151,2.2151,2.2151,2.2151,2.2151,2.0686,2.0686,2.0686,2.0686,2.0686
2.860000,4.1561,4.1561,4.1561,4.1561,4.1561,4.3558,4.3558,4.3558,4.3558,4.3558,2.2439,2.2439,2.2439,2.2439,2.2439,2.0442,2.0442,2.0442,2.0442,2.0442
2.870000,4.1268,4.1268,4.1268,4.1268,4.1268,4.3794,4.3794,4.3794,4.3794,4.3794,2.2732,2.2732,2.2732,2.2732,2.2732,2.0206,2.0206,2.0206,2.0206,2.0206
2.880000,4.0969,4.0969,4.0969,4.0969,4.0969,4.4024,4.4024,4.4024,4.4024,4.4024,2.3031,2.3031,2.3031,2.3031,2.3031,1.9976,1.9976,1.9976,1.9976,1.9976
2.890000,4.0664,4.0664,4.0664,4.0664,4.0664,4.4245,4.4245,4.4245,4.4245,4.4245,2.3336,2.3336,2.3336,2.3336,2.3336,1.9755,1.9755,1.9755,1.9755,1.9755
2.900000,4.0353,4.0353,4.0353,4.0353,4.0353,4.4459,4.4459,4.4459,4.4459,4.4459,2.3647,2.3647,2.3647,2.3647,2.3647,1.9541,1.9541,1.9541,1.9541,1.9541
2.910000,4.0037,4.0037,4.0037,4.0037,4.0037,4.4665,4.4665,4.4665,4.4665,4.4665,2.3963,2.3963,2.3963,2.3963,2.3963,1.9335,1.9335,1.9335,1.9335,1.9335
2.920000,3.9717,3.9717,3.9717,3.9717,3.9717,4.4863,4.4863,4.4863,4.4863,4.4863,2.4283,2.4283,2.4283,2.4283,2.4283,1.9137,1.9137,1.9137,1.9137,1.9137
2.930000,3.9391,3.9391,3.9391,3.9391,3.9391,4.5053,4.5053,4.5053,4.5053,4.5053,2.4609,2.4609,2.4609,2.4609,2.4609,1.8947,1.8947,1.8947,1.8947,1.8947
2.940000,3.9061,3.9061,3.9061,3.9061,3.9061,4.5234,4.5234,4.5234,4.5234,4.5234,2.4939,2.4939,2.4939,2.4939,2.4939,1.8766,1.8766,1.8766,1.8766,1.8766
2.950000,3.8726,3.8726,3.8726,3.8726,3.8726,4.5408,4.5408,4.5408,4.5408,4.5408,2.5274,2.5274,2.5274,2.5274,2.5274,1.8592,1.8592,1.8592,1.8592,1.8592
2.960000,3.8387,3.8387,3.8387,3.8387,3.8387,4.5572,4.5572,4.5572,4.5572,4.5572,2.5613,2.5613,2.5613,2.5613,2.5613,1.8428,1.8428,1.8428,1.8428,1.8428
2.970000,3.8044,3.8044,3.8044,3.8044,3.8044,4.5729,4.5729,4.5729,4.5729,4.5729,2.5956,2.5956,2.5956,2.5956,2.5956,1.8271,1.8271,1.8271,1.8271,1.8271
2.980000,3.7697,3.7697,3.7697,3.7697,3.7697,4.5876,4.5876,4.5876,4.5876,4.5876,2.6303,2.6303,2.6303,2.6303,2.6303,1.8124,1.8124,1.8124,1.8124,1.8124
2.990000,3.7346,3.7346,3.7346,3.7346,3.7346,4.6015,4.6015,4.6015,4.6015,4.6015,2.6654,2.6654,2.6654,2.6654,2.6654,1.7985,1.7985,1.7985,1.7985,1.7985
3.000000,3.6992,3.6992,3.6992,3.6992,3.6992,4.6145,4.6145,4.6145,4.6145,4.6145,2.7008,2.7008,2.7008,2.7008,2.7008,1.7855,1.7855,1.7855,1.7855,1.7855
3.010000,3.6635,3.6635,3.6635,3.6635,3.6635,4.6266,4.6266,4.6266,4.6266,4.6266,2.7365,2.7365,2.7365,2.7365,2.7365,1.7734,1.7734,1.7734,1.7734,1.7734
3.020000,3.6275,3.6275,3.6275,3.6275,3.6275,4.6378,4.6378,4.6378,4.6378,4.6378,2.7725,2.7725,2.7725,2.7725,2.7725,1.7622,1.7622,1.7622,1.7622,1.7622
3.030000,3.5913,3.5913,3.5913,3.5913,3.5913,4.6481,4.6481,4.6481,4.6481,4.6481,2.8087,2.8087,2.8087,2.8087,2.8087,1.7519,1.7519,1.7519,1.7519,1.7519
3.040000,3.5547,3.5547,3.5547,3.5547,3.5547,4.6574,4.6574,4.6574,4.6574,4.6574,2.8453,2.8453,2.8453,2.8453,2.8453,1.7426,1.7426,1.7426,1.7426,1.7426
3.050000,3.5180,3.5180,3.5180,3.5180,3.5180,4.6659,4.6659,4.6659,4.6659,4.6659,2.8820,2.8820,2.8820,2.8820,2.8820,1.7341,1.7341,1.7341,1.7341,1.7341
3.060000,3.4811,3.4811,3.4811,3.4811,3.4811,4.6734,4.6734,4.6734,4.6734,4.6734,2.9189,2.9189,2.9189,2.9189,2.9189,1.7266,1.7266,1.7266,1.7266,1.7266
3.070000,3.4440,3.4440,3.4440,3.4440,3.4440,4.6800,4.6800,4.6800,4.6800,4.6800,2.9560,2.9560,2.9560,2.9560,2.9560,1.7200,1.7200,1.7200,1.7200,1.7200
3.080000,3.4067,3.4067,3.4067,3.4067,3.4067,4.6857,4.6857,4.6857,4.6857,4.6857,2.9933,2.9933,2.9933,2.9933,2.9933,1.7143,1.7143,1.7143,1.7143,1.7143
3.090000,3.3693,3.3693,3.3693,3.3693,3.3693,4.6904,4.6904,4.6904,4.6904,4.6904,3.0307,3.0307,3.0307,3.0307,3.0307,1.7096,1.7096,1.7096,1.7096,1.7096
3.100000,3.3318,3.3318,3.3318,3.3318,3.3318,4.6942,4.6942,4.6942,4.6942,4.6942,3.0682,3.0682,3.0682,3.0682,3.0682,1.7058,1.7058,1.7058,1.7058,1.7058
3.110000,3.2942,3.2942,3.2942,3.2942,3.2942,4.6970,4.6970,4.6970,4.6970,4.6970,3.1058,3.1058,3.1058,3.1058,3.1058,1.7030,1.7030,1.7030,1.7030,1.7030
3.120000,3.2565,3.2565,3.2565,3.2565,3.2565,4.6989,4.6989,4.6989,4.6989,4.6989,3.1435,3.1435,3.1435,3.1435,3.1435,1.7011,1.7011,1.7011,1.7011,1.7011
3.130000,3.2188,3.2188,3.2188,3.2188,3.2188,4.6999,4.6999,4.6999,4.6999,4.6999,3.1812,3.1812,3.1812,3.1812,3.1812,1.7001,1.7001,1.7001,1.7001,1.7001
3.140000,3.1812,3.1812,3.1812,3.1812,3.1812,4.6999,4.6999,4.6999,4.6999,4.6999,3.2188,3.2188,3.2188,3.2188,3.2188,1.7001,1.7001,1.7001,1.7001,1.7001
3.150000,3.1435,3.1435,3.1435,3.1435,3.1435,4.6989,4.6989,4.6989,4.6989,4.6989,3.2565,3.2565,3.2565,3.2565,3.2565,1.7011,1.7011,1.7011,1.7011,1.7011
3.160000,3.1058,3.1058,3.1058,3.1058,3.1058,4.6970,4.6970,4.6970,4.6970,4.6970,3.2942,3.2942,3.2942,3.2942,3.2942,1.7030,1.7030,1.7030,1.7030,1.7030
3.170000,3.0682,3.0682,3.0682,3.0682,3.0682,4.6942,4.6942,4.6942,4.6942,4.6942,3.3318,3.3318,3.3318,3.3318,3.3318,1.7058,1.7058,1.7058,1.7058,1.7058
3.180000,3.0307,3.0307,3.0307,3.0307,3.0307,4.6904,4.6904,4.6904,4.6904,4.6904,3.3693,3.3693,3.3693,3.3693,3.3693,1.7096,1.7096,1.7096,1.7096,1.7096
3.190000,2.9933,2.9933,2.9933,2.9933,2.9933,4.6857,4.6857,4.6857,4.6857,4.6857,3.4067,3.4067,3.4067,3.4067,3.4067,1.7143,1.7143,1.7143,1.7143,1.7143
3.200000,2.9560,2.9560,2.9560,2.9560,2.9560,4.6800,4.6800,4.6800,4.6800,4.6800,3.4440,3.4440,3.4440,3.4440,3.4440,1.7200,1.7200,1.7200,1.7200,1.7200
3.210000,2.9189,2.9189,2.9189,2.9189,2.9189,4.6734,4.6734,4.6734,4.6734,4.6734,3.4811,3.4811,3.4811,3.4811,3.4811,1.7266,1.7266,1.7266,1.7266,1.7266
3.220000,2.8820,2.8820,2.8820,2.8820,2.8820,4.6659,4.6659,4.6659,4.6659,4.6659,3.5180,3.5180,3.5180,3.5180,3.5180,1.7341,1.7341,1.7341,1.7341,1.7341
3.230000,2.8453,2.8453,2.8453,2.8453,2.8453,4.6574,4.6574,4.6574,4.6574,4.6574,3.5547,3.5547,3.5547,3.5547,3.5547,1.7426,1.7426,1.7426,1.7426,1.7426
3.240000,2.8087,2.8087,2.8087,2.8087,2.8087,4.6481,4.6481,4.6481,4.6481,4.6481,3.5913,3.5913,3.5913,3.5913,3.5913,1.7519,1.7519,1.7519,1.7519,1.7519
3.250000,2.7725,2.7725,2.7725,2.7725,2.7725,4.6378,4.6378,4.6378,4.6378,4.6378,3.6275,3.6275,3.6275,3.6275,3.6275,1.7622,1.7622,1.7622,1.7622,1.7622
3.260000,2.7365,2.7365,2.7365,2.7365,2.7365,4.6266,4.6266,4.6266,4.6266,4.6266,3.6635,3.6635,3.6635,3.6635,3.6635,1.7734,1.7734,1.7734,1.7734,1.7734
3.270000,2.7008,2.7008,2.7008,2.7008,2.7008,4.6145,4.6145,4.6145,4.6145,4.6145,3.6992,3.6992,3.6992,3.6992,3.6992,1.7855,1.7855,1.7855,1.7855,1.7855
3.280000,2.6654,2.6654,2.6654,2.6654,2.6654,4.6015,4.6015,4.6015,4.6015,4.6015,3.7346,3.7346,3.7346,3.7346,3.7346,1.7985,1.7985,1.7985,1.7985,1.7985
3.290000,2.6303,2.6303,2.6303,2.6303,2.6303,4.5876,4.5876,4.5876,4.5876,4.5876,3.7697,3.7697,3.7697,3.7697,3.7697,1.8124,1.8124,1.8124,1.8124,1.8124
3.300000,2.5956,2.5956,2.5956,2.5956,2.5956,4.5729,4.5729,4.5729,4.5729,4.5729,3.8044,3.8044,3.8044,3.8044,3.8044,1.8271,1.8271,1.8271,1.8271,1.8271
3.310000,2.5613,2.5613,2.5613,2.5613,2.5613,4.5572,4.5572,4.5572,4.5572,4.5572,3.8387,3.8387,3.8387,3.8387,3.8387,1.8428,1.8428,1.8428,1.8428,1.8428
3.320000,2.5274,2.5274,2.5274,2.5274,2.5274,4.5408,4.5408,4.5408,4.5408,4.5408,3.8726,3.8726,3.8726,3.8726,3.8726,1.8592,1.8592,1.8592,1.8592,1.8592
3.330000,2.4939,2.4939,2.4939,2.4939,2.4939,4.5234,4.5234,4.5234,4.5234,4.5234,3.9061,3.9061,3.9061,3.9061,3.9061,1.8766,1.8766,1.8766,1.8766,1.8766
3.340000,2.4609,2.4609,2.4609,2.4609,2.4609,4.5053,4.5053,4.5053,4.5053,4.5053,3.9391,3.9391,3.9391,3.9391,3.9391,1.8947,1.8947,1.8947,1.8947,1.8947
3.350000,2.4283,2.4283,2.4283,2.4283,2.4283,4.4863,4.4863,4.4863,4.4863,4.4863,3.9717,3.9717,3.9717,3.9717,3.9717,1.9137,1.9137,1.9137,1.9137,1.9137
3.360000,2.3963,2.3963,2.3963,2.3963,2.3963,4.4665,4.4665,4.4665,4.4665,4.4665,4.0037,4.0037,4.0037,4.0037,4.0037,1.9335,1.9335,1.9335,1.9335,1.9335
3.370000,2.3647,2.3647,2.3647,2.3647,2.3647,4.4459,4.4459,4.4459,4.4459,4.4459,4.0353,4.0353,4.0353,4.0353,4.0353,1.9541,1.9541,1.9541,1.9541,1.9541
3.380000,2.3336,2.3336,2.3336,2.3336,2.3336,4.4245,4.4245,4.4245,4.4245,4.4245,4.0664,4.0664,4.0664,4.0664,4.0664,1.9755,1.9755,1.9755,1.9755,1.9755
3.390000,2.3031,2.3031,2.3031,2.3031,2.3031,4.4024,4.4024,4.4024,4.4024,4.4024,4.0969,4.0969,4.0969,4.0969,4.0969,1.9976,1.9976,1.9976,1.9976,1.9976
3.400000,2.2732,2.2732,2.2732,2.2732,2.2732,4.3794,4.3794,4.3794,4.3794,4.3794,4.1268,4.1268,4.1268,4.1268,4.1268,2.0206,2.0206,2.0206,2.0206,2.0206
3.410000,2.2439,2.2439,2.2439,2.2439,2.2439,4.3558,4.3558,4.3558,4.3558,4.3558,4.1561,4.1561,4.1561,4.1561,4.1561,2.0442,2.0442,2.0442,2.0442,2.0442
3.420000,2.2151,2.2151,2.2151,2.2151,2.2151,4.3314,4.3314,4.3314,4.3314,4.3314,4.1849,4.1849,4.1849,4.1849,4.1849,2.0686,2.0686,2.0686,2.0686,2.0686
3.430000,2.1870,2.1870,2.1870,2.1870,2.1870,4.3063,4.3063,4.3063,4.3063,4.3063,4.2130,4.2130,4.2130,4.2130,4.2130,2.0937,2.0937,2.0937,2.0937,2.0937
3.440000,2.1595,2.1595,2.1595,2.1595,2.1595,4.2805,4.2805,4.2805,4.2805,4.2805,4.2405,4.2405,4.2405,4.2405,4.2405,2.1195,2.1195,2.1195,2.1195,2.1195
3.450000,2.1327,2.1327,2.1327,2.1327,2.1327,4.2540,4.2540,4.2540,4.2540,4.2540,4.2673,4.2673,4.2673,4.2673,4.2673,2.1460,2.1460,2.1460,2.1460,2.1460
3.460000,2.1065,2.1065,2.1065,2.1065,2.1065,4.2268,4.2268,4.2268,4.2268,4.2268,4.2935,4.2935,4.2935,4.2935,4.2935,2.1732,2.1732,2.1732,2.1732,2.1732
3.470000,2.0811,2.0811,2.0811,2.0811,2.0811,4.1990,4.1990,4.1990,4.1990,4.1990,4.3189,4.3189,4.3189,4.3189,4.3189,2.2010,2.2010,2.2010,2.2010,2.2010
3.480000,2.0563,2.0563,2.0563,2.0563,2.0563,4.1706,4.1706,4.1706,4.1706,4.1706,4.3437,4.3437,4.3437,4.3437,4.3437,2.2294,2.2294,2.2294,2.2294,2.2294
3.490000,2.0323,2.0323,2.0323,2.0323,2.0323,4.1415,4.1415,4.1415,4.1415,4.1415,4.3677,4.3677,4.3677,4.3677,4.3677,2.2585,2.2585,2.2585,2.2585,2.2585
3.500000,2.0090,2.0090,2.0090,2.0090,2.0090,4.1119,4.1119,4.1119,4.1119,4.1119,4.3910,4.3910,4.3910,4.3910,4.3910,2.2881,2.2881,2.2881,2.2881,2.2881
3.510000,1.9865,1.9865,1.9865,1.9865,1.9865,4.0817,4.0817,4.0817,4.0817,4.0817,4.4135,4.4135,4.4135,4.4135,4.4135,2.3183,2.3183,2.3183,2.3183,2.3183
3.520000,1.9647,1.9647,1.9647,1.9647,1.9647,4.0509,4.0509,4.0509,4.0509,4.0509,4.4353,4.4353,4.4353,4.4353,4.4353,2.3491,2.3491,2.3491,2.3491,2.3491
3.530000,1.9437,1.9437,1.9437,1.9437,1.9437,4.0196,4.0196,4.0196,4.0196,4.0196,4.4563,4.4563,4.4563,4.4563,4.4563,2.3804,2.3804,2.3804,2.3804,2.3804
3.540000,1.9235,1.9235,1.9235,1.9235,1.9235,3.9878,3.9878,3.9878,3.9878,3.9878,4.4765,4.4765,4.4765,4.4765,4.4765,2.4122,2.4122,2.4122,2.4122,2.4122
3.550000,1.9041,1.9041,1.9041,1.9041,1.9041,3.9554,3.9554,3.9554,3.9554,3.9554,4.4959,4.4959,4.4959,4.4959,4.4959,2.4446,2.4446,2.4446,2.4446,2.4446
3.560000,1.8855,1.8855,1.8855,1.8855,1.8855,3.9226,3.9226,3.9226,3.9226,3.9226,4.5145,4.5145,4.5145,4.5145,4.5145,2.4774,2.4774,2.4774,2.4774,2.4774
3.570000,1.8678,1.8678,1.8678,1.8678,1.8678,3.8894,3.8894,3.8894,3.8894,3.8894,4.5322,4.5322,4.5322,4.5322,4.5322,2.5106,2.5106,2.5106,2.5106,2.5106
3.580000,1.8509,1.8509,1.8509,1.8509,1.8509,3.8557,3.8557,3.8557,3.8557,3.8557,4.5491,4.5491,4.5491,4.5491,4.5491,2.5443,2.5443,2.5443,2.5443,2.5443
3.590000,1.8348,1.8348,1.8348,1.8348,1.8348,3.8216,3.8216,3.8216,3.8216,3.8216,4.5652,4.5652,4.5652,4.5652,4.5652,2.5784,2.5784,2.5784,2.5784,2.5784
3.600000,1.8197,1.8197,1.8197,1.8197,1.8197,3.7871,3.7871,3.7871,3.7871,3.7871,4.5803,4.5803,4.5803,4.5803,4.5803,2.6129,2.6129,2.6129,2.6129,2.6129
3.610000,1.8053,1.8053,1.8053,1.8053,1.8053,3.7522,3.7522,3.7522,3.7522,3.7522,4.5947,4.5947,4.5947,4.5947,4.5947,2.6478,2.6478,2.6478,2.6478,2.6478
3.620000,1.7919,1.7919,1.7919,1.7919,1.7919,3.7170,3.7170,3.7170,3.7170,3.7170,4.6081,4.6081,4.6081,4.6081,4.6081,2.6830,2.6830,2.6830,2.6830,2.6830
3.630000,1.7794,1.7794,1.7794,1.7794,1.7794,3.6814,3.6814,3.6814,3.6814,3.6814,4.6206,4.6206,4.6206,4.6206,4.6206,2.7186,2.7186,2.7186,2.7186,2.7186
3.640000,1.7677,1.7677,1.7677,1.7677,1.7677,3.6456,3.6456,3.6456,3.6456,3.6456,4.6323,4.6323,4.6323,4.6323,4.6323,2.7544,2.7544,2.7544,2.7544,2.7544
3.650000,1.7570,1.7570,1.7570,1.7570,1.7570,3.6094,3.6094,3.6094,3.6094,3.6094,4.6430,4.6430,4.6430,4.6430,4.6430,2.7906,2.7906,2.7906,2.7906,2.7906
3.660000,1.7471,1.7471,1.7471,1.7471,1.7471,3.5730,3.5730,3.5730,3.5730,3.5730,4.6529,4.6529,4.6529,4.6529,4.6529,2.8270,2.8270,2.8270,2.8270,2.8270
3.670000,1.7382,1.7382,1.7382,1.7382,1.7382,3.5364,3.5364,3.5364,3.5364,3.5364,4.6618,4.6618,4.6618,4.6618,4.6618,2.8636,2.8636,2.8636,2.8636,2.8636
3.680000,1.7302,1.7302,1.7302,1.7302,1.7302,3.4996,3.4996,3.4996,3.4996,3.4996,4.6698,4.6698,4.6698,4.6698,4.6698,2.9004,2.9004,2.9004,2.9004,2.9004
3.690000,1.7232,1.7232,1.7232,1.7232,1.7232,3.4625,3.4625,3.4625,3.4625,3.4625,4.6768,4.6768,4.6768,4.6768,4.6768,2.9375,2.9375,2.9375,2.9375,2.9375
3.700000,1.7170,1.7170,1.7170,1.7170,1.7170,3.4253,3.4253,3.4253,3.4253,3.4253,4.6830,4.6830,4.6830,4.6830,4.6830,2.9747,2.9747,2.9747,2.9747,2.9747
3.710000,1.7118,1.7118,1.7118,1.7118,1.7118,3.3880,3.3880,3.3880,3.3880,3.3880,4.6882,4.6882,4.6882,4.6882,4.6882,3.0120,3.0120,3.0120,3.0120,3.0120
3.720000,1.7076,1.7076,1.7076,1.7076,1.7076,3.3505,3.3505,3.3505,3.3505,3.3505,4.6924,4.6924,4.6924,4.6924,4.6924,3.0495,3.0495,3.0495,3.0495,3.0495
3.730000,1.7043,1.7043,1.7043,1.7043,1.7043,3.3130,3.3130,3.3130,3.3130,3.3130,4.6957,4.6957,4.6957,4.6957,4.6957,3.0870,3.0870,3.0870,3.0870,3.0870
3.740000,1.7019,1.7019,1.7019,1.7019,1.7019,3.2754,3.2754,3.2754,3.2754,3.2754,4.6981,4.6981,4.6981,4.6981,4.6981,3.1246,3.1246,3.1246,3.1246,3.1246
3.750000,1.7005,1.7005,1.7005,1.7005,1.7005,3.2377,3.2377,3.2377,3.2377,3.2377,4.6995,4.6995,4.6995,4.6995,4.6995,3.1623,3.1623,3.1623,3.1623,3.1623
3.760000,1.7000,1.7000,1.7000,1.7000,1.7000,3.2000,3.2000,3.2000,3.2000,3.2000,4.7000,4.7000,4.7000,4.7000,4.7000,3.2000,3.2000,3.2000,3.2000,3.2000
3.770000,1.7005,1.7005,1.7005,1.7005,1.7005,3.1623,3.1623,3.1623,3.1623,3.1623,4.6995,4.6995,4.6995,4.6995,4.6995,3.2377,3.2377,3.2377,3.2377,3.2377
3.780000,1.7019,1.7019,1.7019,1.7019,1.7019,3.1246,3.1246,3.1246,3.1246,3.1246,4.6981,4.6981,4.6981,4.6981,4.6981,3.2754,3.2754,3.2754,3.2754,3.2754
3.790000,1.7043,1.7043,1.7043,1.7043,1.7043,3.0870,3.0870,3.0870,3.0870,3.0870,4.6957,4.6957,4.6957,4.6957,4.6957,3.3130,3.3130,3.3130,3.3130,3.3130
3.800000,1.7076,1.7076,1.7076,1.7076,1.7076,3.0495,3.0495,3.0495,3.0495,3.0495,4.6924,4.6924,4.6924,4.6924,4.6924,3.3505,3.3505,3.3505,3.3505,3.3505
3.810000,1.7118,1.7118,1.7118,1.7118,1.7118,3.0120,3.0120,3.0120,3.0120,3.0120,4.6882,4.6882,4.6882,4.6882,4.6882,3.3880,3.3880,3.3880,3.3880,3.3880
3.820000,1.7170,1.7170,1.7170,1.7170,1.7170,2.9747,2.9747,2.9747,2.9747,2.9747,4.6830,4.6830,4.6830,4.6830,4.6830,3.4253,3.4253,3.4253,3.4253,3.4253
3.830000,1.7232,1.7232,1.7232,1.7232,1.7232,2.9375,2.9375,2.9375,2.9375,2.9375,4.6768,4.6768,4.6768,4.6768,4.6768,3.4625,3.4625,3.4625,3.4625,3.4625
3.840000,1.7302,1.7302,1.7302,1.7302,1.7302,2.9004,2.9004,2.9004,2.9004,2.9004,4.6698,4.6698,4.6698,4.6698,4.6698,3.4996,3.4996,3.4996,3.4996,3.4996
3.850000,1.7382,1.7382,1.7382,1.7382,1.7382,2.8636,2.8636,2.8636,2.8636,2.8636,4.6618,4.6618,4.6618,4.6618,4.6618,3.5364,3.5364,3.5364,3.5364,3.5364
3.860000,1.7471,1.7471,1.7471,1.7471,1.7471,2.8270,2.8270,2.8270,2.8270,2.8270,4.6529,4.6529,4.6529,4.6529,4.6529,3.5730,3.5730,3.5730,3.5730,3.5730
3.870000,1.7570,1.7570,1.7570,1.7570,1.7570,2.7906,2.7906,2.7906,2.7906,2.7906,4.6430,4.6430,4.6430,4.6430,4.6430,3.6094,3.6094,3.6094,3.6094,3.6094
3.880000,1.7677,1.7677,1.7677,1.7677,1.7677,2.7544,2.7544,2.7544,2.7544,2.7544,4.6323,4.6323,4.6323,4.6323,4.6323,3.6456,3.6456,3.6456,3.6456,3.6456
3.890000,1.7794,1.7794,1.7794,1.7794,1.7794,2.7186,2.7186,2.7186,2.7186,2.7186,4.6206,4.6206,4.6206,4.6206,4.6206,3.6814,3.6814,3.6814,3.6814,3.6814
3.900000,1.7919,1.7919,1.7919,1.7919,1.7919,2.6830,2.6830,2.6830,2.6830,2.6830,4.6081,4.6081,4.6081,4.6081,4.6081,3.7170,3.7170,3.7170,3.7170,3.7170
3.910000,1.8053,1.8053,1.8053,1.8053,1.8053,2.6478,2.6478,2.6478,2.6478,2.6478,4.5947,4.5947,4.5947,4.5947,4.5947,3.7522,3.7522,3.7522,3.7522,3.7522
3.920000,1.8197,1.8197,1.8197,1.8197,1.8197,2.6129,2.6129,2.6129,2.6129,2.6129,4.5803,4.5803,4.5803,4.5803,4.5803,3.7871,3.7871,3.7871,3.7871,3.7871
3.930000,1.8348,1.8348,1.8348,1.8348,1.8348,2.5784,2.5784,2.5784,2.5784,2.5784,4.5652,4.5652,4.5652,4.5652,4.5652,3.8216,3.8216,3.8216,3.8216,3.8216
3.940000,1.8509,1.8509,1.8509,1.8509,1.8509,2.5443,2.5443,2.5443,2.5443,2.5443,4.5491,4.5491,4.5491,4.5491,4.5491,3.8557,3.8557,3.8557,3.8557,3.8557
3.950000,1.8678,1.8678,1.8678,1.8678,1.8678,2.5106,2.5106,2.5106,2.5106,2.5106,4.5322,4.5322,4.5322,4.5322,4.5322,3.8894,3.8894,3.8894,3.8894,3.8894
3.960000,1.8855,1.8855,1.8855,1.8855,1.8855,2.4774,2.4774,2.4774,2.4774,2.4774,4.5145,4.5145,4.5145,4.5145,4.5145,3.9226,3.9226,3.9226,3.9226,3.9226
3.970000,1.9041,1.9041,1.9041,1.9041,1.9041,2.4446,2.4446,2.4446,2.4446,2.4446,4.4959,4.4959,4.4959,4.4959,4.4959,3.9554,3.9554,3.9554,3.9554,3.9554
3.980000,1.9235,1.9235,1.9235,1.9235,1.9235,2.4122,2.4122,2.4122,2.4122,2.4122,4.4765,4.4765,4.4765,4.4765,4.4765,3.9878,3.9878,3.9878,3.9878,3.9878
3.990000,1.9437,1.9437,1.9437,1.9437,1.9437,2.3804,2.3804,2.3804,2.3804,2.3804,4.4563,4.4563,4.4563,4.4563,4.4563,4.0196,4.0196,4.0196,4.0196,4.0196
4.000000,1.9647,1.9647,1.9647,1.9647,1.9647,2.3491,2.3491,2.3491,2.3491,2.3491,4.4353,4.4353,4.4353,4.4353,4.4353,4.0509,4.0509,4.0509,4.0509,4.0509
4.010000,1.9865,1.9865,1.9865,1.9865,1.9865,2.3183,2.3183,2.3183,2.3183,2.3183,4.4135,4.4135,4.4135,4.4135,4.4135,4.0817,4.0817,4.0817,4.0817,4.0817
4.020000,2.0090,2.0090,2.0090,2.0090,2.0090,2.2881,2.2881,2.2881,2.2881,2.2881,4.3910,4.3910,4.3910,4.3910,4.3910,4.1119,4.1119,4.1119,4.1119,4.1119
4.030000,2.0323,2.0323,2.0323,2.0323,2.0323,2.2585,2.2585,2.2585,2.2585,2.2585,4.3677,4.3677,4.3677,4.3677,4.3677,4.1415,4.1415,4.1415,4.1415,4.1415
4.040000,2.0563,2.0563,2.0563,2.0563,2.0563,2.2294,2.2294,2.2294,2.2294,2.2294,4.3437,4.3437,4.3437,4.3437,4.3437,4.1706,4.1706,4.1706,4.1706,4.1706
4.050000,2.0811,2.0811,2.0811,2.0811,2.0811,2.2010,2.2010,2.2010,2.2010,2.2010,4.3189,4.3189,4.3189,4.3189,4.3189,4.1990,4.1990,4.1990,4.1990,4.1990
4.060000,2.1065,2.1065,2.1065,2.1065,2.1065,2.1732,2.1732,2.1732,2.1732,2.1732,4.2935,4.2935,4.2935,4.2935,4.2935,4.2268,4.2268,4.2268,4.2268,4.2268
4.070000,2.1327,2.1327,2.1327,2.1327,2.1327,2.1460,2.1460,2.1460,2.1460,2.1460,4.2673,4.2673,4.2673,4.2673,4.2673,4.2540,4.2540,4.2540,4.2540,4.2540
4.080000,2.1595,2.1595,2.1595,2.1595,2.1595,2.1195,2.1195,2.1195,2.1195,2.1195,4.2405,4.2405,4.2405,4.2405,4.2405,4.2805,4.2805,4.2805,4.2805,4.2805
4.090000,2.1870,2.1870,2.1870,2.1870,2.1870,2.0937,2.0937,2.0937,2.0937,2.0937,4.2130,4.2130,4.2130,4.2130,4.2130,4.3063,4.3063,4.3063,4.3063,4.3063
4.100000,2.2151,2.2151,2.2151,2.2151,2.2151,2.0686,2.0686,2.0686,2.0686,2.0686,4.1849,4.1849,4.1849,4.1849,4.1849,4.3314,4.3314,4.3314,4.3314,4.3314
4.110000,2.2439,2.2439,2.2439,2.2439,2.2439,2.0442,2.0442,2.0442,2.0442,2.0442,4.1561,4.1561,4.1561,4.1561,4.1561,4.3558,4.3558,4.3558,4.3558,4.3558
4.120000,2.2732,2.2732,2.2732,2.2732,2.2732,2.0206,2.0206,2.0206,2.0206,2.0206,4.1268,4.1268,4.1268,4.1268,4.1268,4.3794,4.3794,4.3794,4.3794,4.3794
4.130000,2.3031,2.3031,2.3031,2.3031,2.3031,1.9976,1.9976,1.9976,1.9976,1.9976,4.0969,4.0969,4.0969,4.0969,4.0969,4.4024,4.4024,4.4024,4.4024,4.4024
4.140000,2.3336,2.3336,2.3336,2.3336,2.3336,1.9755,1.9755,1.9755,1.9755,1.9755,4.0664,4.0664,4.0664,4.0664,4.0664,4.4245,4.4245,4.4245,4.4245,4.4245
4.150000,2.3647,2.3647,2.3647,2.3647,2.3647,1.9541,1.9541,1.9541,1.9541,1.9541,4.0353,4.0353,4.0353,4.0353,4.0353,4.4459,4.4459,4.4459,4.4459,4.4459
4.160000,2.3963,2.3963,2.3963,2.3963,2.3963,1.9335,1.9335,1.9335,1.9335,1.9335,4.0037,4.0037,4.0037,4.0037,4.0037,4.4665,4.4665,4.4665,4.4665,4.4665
4.170000,2.4283,2.4283,2.4283,2.4283,2.4283,1.9137,1.9137,1.9137,1.9137,1.9137,3.9717,3.9717,3.9717,3.9717,3.9717,4.4863,4.4863,4.4863,4.4863,4.4863
4.180000,2.4609,2.4609,2.4609,2.4609,2.4609,1.8947,1.8947,1.8947,1.8947,1.8947,3.9391,3.9391,3.9391,3.9391,3.9391,4.5053,4.5053,4.5053,4.5053,4.5053
4.190000,2.4939,2.4939,2.4939,2.4939,2.4939,1.8766,1.8766,1.8766,1.8766,1.8766,3.9061,3.9061,3.9061,3.9061,3.9061,4.5234,4.5234,4.5234,4.5234,4.5234
4.200000,2.5274,2.5274,2.5274,2.5274,2.5274,1.8592,1.8592,1.8592,1.8592,1.8592,3.8726,3.8726,3.8726,3.8726,3.8726,4.5408,4.5408,4.5408,4.5408,4.5408
4.210000,2.5613,2.5613,2.5613,2.5613,2.5613,1.8428,1.8428,1.8428,1.8428,1.8428,3.8387,3.8387,3.8387,3.8387,3.8387,4.5572,4.5572,4.5572,4.5572,4.5572
4.220000,2.5956,2.5956,2.5956,2.5956,2.5956,1.8271,1.8271,1.8271,1.8271,1.8271,3.8044,3.8044,3.8044,3.8044,3.8044,4.5729,4.5729,4.5729,4.5729,4.5729
4.230000,2.6303,2.6303,2.6303,2.6303,2.6303,1.8124,1.8124,1.8124,1.8124,1.8124,3.7697,3.7697,3.7697,3.7697,3.7697,4.5876,4.5876,4.5876,4.5876,4.5876
4.240000,2.6654,2.6654,2.6654,2.6654,2.6654,1.7985,1.7985,1.7985,1.7985,1.7985,3.7346,3.7346,3.7346,3.7346,3.7346,4.6015,4.6015,4.6015,4.6015,4.6015
4.250000,2.7008,2.7008,2.7008,2.7008,2.7008,1.7855,1.7855,1.7855,1.7855,1.7855,3.6992,3.6992,3.6992,3.6992,3.6992,4.6145,4.6145,4.6145,4.6145,4.6145
4.260000,2.7365,2.7365,2.7365,2.7365,2.7365,1.7734,1.7734,1.7734,1.7734,1.7734,3.6635,3.6635,3.6635,3.6635,3.6635,4.6266,4.6266,4.6266,4.6266,4.6266
4.270000,2.7725,2.7725,2.7725,2.7725,2.7725,1.7622,1.7622,1.7622,1.7622,1.7622,3.6275,3.6275,3.6275,3.6275,3.6275,4.6378,4.6378,4.6378,4.6378,4.6378
4.280000,2.8087,2.8087,2.8087,2.8087,2.8087,1.7519,1.7519,1.7519,1.7519,1.7519,3.5913,3.5913,3.5913,3.5913,3.5913,4.6481,4.6481,4.6481,4.6481,4.6481
4.290000,2.8453,2.8453,2.8453,2.8453,2.8453,1.7426,1.7426,1.7426,1.7426,1.7426,3.5547,3.5547,3.5547,3.5547,3.5547,4.6574,4.6574,4.6574,4.6574,4.6574
4.300000,2.8820,2.8820,2.8820,2.8820,2.8820,1.7341,1.7341,1.7341,1.7341,1.7341,3.5180,3.5180,3.5180,3.5180,3.5180,4.6659,4.6659,4.6659,4.6659,4.6659
4.310000,2.9189,2.9189,2.9189,2.9189,2.9189,1.7266,1.7266,1.7266,1.7266,1.7266,3.4811,3.4811,3.4811,3.4811,3.4811,4.6734,4.6734,4.6734,4.6734,4.6734
4.320000,2.9560,2.9560,2.9560,2.9560,2.9560,1.7200,1.7200,1.7200,1.7200,1.7200,3.4440,3.4440,3.4440,3.4440,3.4440,4.6800,4.6800,4.6800,4.6800,4.6800
4.330000,2.9933,2.9933,2.9933,2.9933,2.9933,1.7143,1.7143,1.7143,1.7143,1.7143,3.4067,3.4067,3.4067,3.4067,3.4067,4.6857,4.6857,4.6857,4.6857,4.6857
4.340000,3.0307,3.0307,3.0307,3.0307,3.0307,1.7096,1.7096,1.7096,1.7096,1.7096,3.3693,3.3693,3.3693,3.3693,3.3693,4.6904,4.6904,4.6904,4.6904,4.6904
4.350000,3.0682,3.0682,3.0682,3.0682,3.0682,1.7058,1.7058,1.7058,1.7058,1.7058,3.3318,3.3318,3.3318,3.3318,3.3318,4.6942,4.6942,4.6942,4.6942,4.6942
4.360000,3.1058,3.1058,3.1058,3.1058,3.1058,1.7030,1.7030,1.7030,1.7030,1.7030,3.2942,3.2942,3.2942,3.2942,3.2942,4.6970,4.6970,4.6970,4.6970,4.6970
4.370000,3.1435,3.1435,3.1435,3.1435,3.1435,1.7011,1.7011,1.7011,1.7011,1.7011,3.2565,3.2565,3.2565,3.2565,3.2565,4.6989,4.6989,4.6989,4.6989,4.6989
4.380000,3.1812,3.1812,3.1812,3.1812,3.1812,1.7001,1.7001,1.7001,1.7001,1.7001,3.2188,3.2188,3.2188,3.2188,3.2188,4.6999,4.6999,4.6999,4.6999,4.6999
4.390000,3.2188,3.2188,3.2188,3.2188,3.2188,1.7001,1.7001,1.7001,1.7001,1.7001,3.1812,3.1812,3.1812,3.1812,3.1812,4.6999,4.6999,4.6999,4.6999,4.6999
4.400000,3.2565,3.2565,3.2565,3.2565,3.2565,1.7011,1.7011,1.7011,1.7011,1.7011,3.1435,3.1435,3.1435,3.1435,3.1435,4.6989,4.6989,4.6989,4.6989,4.6989
4.410000,3.2942,3.2942,3.2942,3.2942,3.2942,1.7030,1.7030,1.7030,1.7030,1.7030,3.1058,3.1058,3.1058,3.1058,3.1058,4.6970,4.6970,4.6970,4.6970,4.6970
4.420000,3.3318,3.3318,3.3318,3.3318,3.3318,1.7058,1.7058,1.7058,1.7058,1.7058,3.0682,3.0682,3.0682,3.0682,3.0682,4.6942,4.6942,4.6942,4.6942,4.6942
4.430000,3.3693,3.3693,3.3693,3.3693,3.3693,1.7096,1.7096,1.7096,1.7096,1.7096,3.0307,3.0307,3.0307,3.0307,3.0307,4.6904,4.6904,4.6904,4.6904,4.6904
4.440000,3.4067,3.4067,3.4067,3.4067,3.4067,1.7143,1.7143,1.7143,1.7143,1.7143,2.9933,2.9933,2.9933,2.9933,2.9933,4.6857,4.6857,4.6857,4.6857,4.6857
4.450000,3.4440,3.4440,3.4440,3.4440,3.4440,1.7200,1.7200,1.7200,1.7200,1.7200,2.9560,2.9560,2.9560,2.9560,2.9560,4.6800,4.6800,4.6800,4.6800,4.6800
4.460000,3.4811,3.4811,3.4811,3.4811,3.4811,1.7266,1.7266,1.7266,1.7266,1.7266,2.9189,2.9189,2.9189,2.9189,2.9189,4.6734,4.6734,4.6734,4.6734,4.6734
4.470000,3.5180,3.5180,3.5180,3.5180,3.5180,1.7341,1.7341,1.7341,1.7341,1.7341,2.8820,2.8820,2.8820,2.8820,2.8820,4.6659,4.6659,4.6659,4.6659,4.6659
4.480000,3.5547,3.5547,3.5547,3.5547,3.5547,1.7426,1.7426,1.7426,1.7426,1.7426,2.8453,2.8453,2.8453,2.8453,2.8453,4.6574,4.6574,4.6574,4.6574,4.6574
4.490000,3.5913,3.5913,3.5913,3.5913,3.5913,1.7519,1.7519,1.7519,1.7519,1.7519,2.8087,2.8087,2.8087,2.8087,2.8087,4.6481,4.6481,4.6481,4.6481,4.6481
4.500000,3.6275,3.6275,3.6275,3.6275,3.6275,1.7622,1.7622,1.7622,1.7622,1.7622,2.7725,2.7725,2.7725,2.7725,2.7725,4.6378,4.6378,4.6378,4.6378,4.6378
4.510000,3.6635,3.6635,3.6635,3.6635,3.6635,1.7734,1.7734,1.7734,1.7734,1.7734,2.7365,2.7365,2.7365,2.7365,2.7365,4.6266,4.6266,4.6266,4.6266,4.6266
4.520000,3.6992,3.6992,3.6992,3.6992,3.6992,1.7855,1.7855,1.7855,1.7855,1.7855,2.7008,2.7008,2.7008,2.7008,2.7008,4.6145,4.6145,4.6145,4.6145,4.6145
4.530000,3.7346,3.7346,3.7346,3.7346,3.7346,1.7985,1.7985,1.7985,1.7985,1.7985,2.6654,2.6654,2.6654,2.6654,2.6654,4.6015,4.6015,4.6015,4.6015,4.6015
4.540000,3.7697,3.7697,3.7697,3.7697,3.7697,1.8124,1.8124,1.8124,1.8124,1.8124,2.6303,2.6303,2.6303,2.6303,2.6303,4.5876,4.5876,4.5876,4.5876,4.5876
4.550000,3.8044,3.8044,3.8044,3.8044,3.8044,1.8271,1.8271,1.8271,1.8271,1.8271,2.5956,2.5956,2.5956,2.5956,2.5956,4.5729,4.5729,4.5729,4.5729,4.5729
4.560000,3.8387,3.8387,3.8387,3.8387,3.8387,1.8428,1.8428,1.8428,1.8428,1.8428,2.5613,2.5613,2.5613,2.5613,2.5613,4.5572,4.5572,4.5572,4.5572,4.5572
4.570000,3.8726,3.8726,3.8726,3.8726,3.8726,1.8592,1.8592,1.8592,1.8592,1.8592,2.5274,2.5274,2.5274,2.5274,2.5274,4.5408,4.5408,4.5408,4.5408,4.5408
4.580000,3.9061,3.9061,3.9061,3.9061,3.9061,1.8766,1.8766,1.8766,1.8766,1.8766,2.4939,2.4939,2.4939,2.4939,2.4939,4.5234,4.5234,4.5234,4.5234,4.5234
4.590000,3.9391,3.9391,3.9391,3.9391,3.9391,1.8947,1.8947,1.8947,1.8947,1.8947,2.4609,2.4609,2.4609,2.4609,2.4609,4.5053,4.5053,4.5053,4.5053,4.5053
4.600000,3.9717,3.9717,3.9717,3.9717,3.9717,1.9137,1.9137,1.9137,1.9137,1.9137,2.4283,2.4283,2.4283,2.4283,2.4283,4.4863,4.4863,4.4863,4.4863,4.4863
4.610000,4.0037,4.0037,4.0037,4.0037,4.0037,1.9335,1.9335,1.9335,1.9335,1.9335,2.3963,2.3963,2.3963,2.3963,2.3963,4.4665,4.4665,4.4665,4.4665,4.4665
4.620000,4.0353,4.0353,4.0353,4.0353,4.0353,1.9541,1.9541,1.9541,1.9541,1.9541,2.3647,2.3647,2.3647,2.3647,2.3647,4.4459,4.4459,4.4459,4.4459,4.4459
4.630000,4.0664,4.0664,4.0664,4.0664,4.0664,1.9755,1.9755,1.9755,1.9755,1.9755,2.3336,2.3336,2.3336,2.3336,2.3336,4.4245,4.4245,4.4245,4.4245,4.4245
4.640000,4.0969,4.0969,4.0969,4.0969,4.0969,1.9976,1.9976,1.9976,1.9976,1.9976,2.3031,2.3031,2.3031,2.3031,2.3031,4.4024,4.4024,4.4024,4.4024,4.4024
4.650000,4.1268,4.1268,4.1268,4.1268,4.1268,2.0206,2.0206,2.0206,2.0206,2.0206,2.2732,2.2732,2.2732,2.2732,2.2732,4.3794,4.3794,4.3794,4.3794,4.3794
4.660000,4.1561,4.1561,4.1561,4.1561,4.1561,2.0442,2.0442,2.0442,2.0442,2.0442,2.2439,2.2439,2.2439,2.2439,2.2439,4.3558,4.3558,4.3558,4.3558,4.3558
4.670000,4.1849,4.1849,4.1849,4.1849,4.1849,2.0686,2.0686,2.0686,2.0686,2.0686,2.2151,2.2151,2.2151,2.2151,2.2151,4.3314,4.3314,4.3314,4.3314,4.3314
4.680000,4.2130,4.2130,4.2130,4.2130,4.2130,2.0937,2.0937,2.0937,2.0937,2.0937,2.1870,2.1870,2.1870,2.1870,2.1870,4.3063,4.3063,4.3063,4.3063,4.3063
4.690000,4.2405,4.2405,4.2405,4.2405,4.2405,2.1195,2.1195,2.1195,2.1195,2.1195,2.1595,2.1595,2.1595,2.1595,2.1595,4.2805,4.2805,4.2805,4.2805,4.2805
4.700000,4.2673,4.2673,4.2673,4.2673,4.2673,2.1460,2.1460,2.1460,2.1460,2.1460,2.1327,2.1327,2.1327,2.1327,2.1327,4.2540,4.2540,4.2540,4.2540,4.2540
4.710000,4.2935,4.2935,4.2935,4.2935,4.2935,2.1732,2.1732,2.1732,2.1732,2.1732,2.1065,2.1065,2.1065,2.1065,2.1065,4.2268,4.2268,4.2268,4.2268,4.2268
4.720000,4.3189,4.3189,4.3189,4.3189,4.3189,2.2010,2.2010,2.2010,2.2010,2.2010,2.0811,2.0811,2.0811,2.0811,2.0811,4.1990,4.1990,4.1990,4.1990,4.1990
4.730000,4.3437,4.3437,4.3437,4.3437,4.3437,2.2294,2.2294,2.2294,2.2294,2.2294,2.0563,2.0563,2.0563,2.0563,2.0563,4.1706,4.1706,4.1706,4.1706,4.1706
4.740000,4.3677,4.3677,4.3677,4.3677,4.3677,2.2585,2.2585,2.2585,2.2585,2.2585,2.0323,2.0323,2.0323,2.0323,2.0323,4.1415,4.1415,4.1415,4.1415,4.1415
4.750000,4.3910,4.3910,4.3910,4.3910,4.3910,2.2881,2.2881,2.2881,2.2881,2.2881,2.0090,2.0090,2.0090,2.0090,2.0090,4.1119,4.1119,4.1119,4.1119,4.1119
4.760000,4.4135,4.4135,4.4135,4.4135,4.4135,2.3183,2.3183,2.3183,2.3183,2.3183,1.9865,1.9865,1.9865,1.9865,1.9865,4.0817,4.0817,4.0817,4.0817,4.0817
4.770000,4.4353,4.4353,4.4353,4.4353,4.4353,2.3491,2.3491,2.3491,2.3491,2.3491,1.9647,1.9647,1.9647,1.9647,1.9647,4.0509,4.0509,4.0509,4.0509,4.0509
4.780000,4.4563,4.4563,4.4563,4.4563,4.4563,2.3804,2.3804,2.3804,2.3804,2.3804,1.9437,1.9437,1.9437,1.9437,1.9437,4.0196,4.0196,4.0196,4.0196,4.0196
4.790000,4.4765,4.4765,4.4765,4.4765,4.4765,2.4122,2.4122,2.4122,2.4122,2.4122,1.9235,1.9235,1.9235,1.9235,1.9235,3.9878,3.9878,3.9878,3.9878,3.9878
4.800000,4.4959,4.4959,4.4959,4.4959,4.4959,2.4446,2.4446,2.4446,2.4446,2.4446,1.9041,1.9041,1.9041,1.9041,1.9041,3.9554,3.9554,3.9554,3.9554,3.9554
4.810000,4.5145,4.5145,4.5145,4.5145,4.5145,2.4774,2.4774,2.4774,2.4774,2.4774,1.8855,1.8855,1.8855,1.8855,1.8855,3.9226,3.9226,3.9226,3.9226,3.9226
4.820000,4.5322,4.5322,4.5322,4.5322,4.5322,2.5106,2.5106,2.5106,2.5106,2.5106,1.8678,1.8678,1.8678,1.8678,1.8678,3.8894,3.8894,3.8894,3.8894,3.8894
4.830000,4.5491,4.5491,4.5491,4.5491,4.5491,2.5443,2.5443,2.5443,2.5443,2.5443,1.8509,1.8509,1.8509,1.8509,1.8509,3.8557,3.8557,3.8557,3.8557,3.8557
4.840000,4.5652,4.5652,4.5652,4.5652,4.5652,2.5784,2.5784,2.5784,2.5784,2.5784,1.8348,1.8348,1.8348,1.8348,1.8348,3.8216,3.8216,3.8216,3.8216,3.8216
4.850000,4.5803,4.5803,4.5803,4.5803,4.5803,2.6129,2.6129,2.6129,2.6129,2.6129,1.8197,1.8197,1.8197,1.8197,1.8197,3.7871,3.7871,3.7871,3.7871,3.7871
4.860000,4.5947,4.5947,4.5947,4.5947,4.5947,2.6478,2.6478,2.6478,2.6478,2.6478,1.8053,1.8053,1.8053,1.8053,1.8053,3.7522,3.7522,3.7522,3.7522,3.7522
4.870000,4.6081,4.6081,4.6081,4.6081,4.6081,2.6830,2.6830,2.6830,2.6830,2.6830,1.7919,1.7919,1.7919,1.7919,1.7919,3.7170,3.7170,3.7170,3.7170,3.7170
4.880000,4.6206,4.6206,4.6206,4.6206,4.6206,2.7186,2.7186,2.7186,2.7186,2.7186,1.7794,1.7794,1.7794,1.7794,1.7794,3.6814,3.6814,3.6814,3.6814,3.6814
4.890000,4.6323,4.6323,4.6323,4.6323,4.6323,2.7544,2.7544,2.7544,2.7544,2.7544,1.7677,1.7677,1.7677,1.7677,1.7677,3.6456,3.6456,3.6456,3.6456,3.6456
4.900000,4.6430,4.6430,4.6430,4.6430,4.6430,2.7906,2.7906,2.7906,2.7906,2.7906,1.7570,1.7570,1.7570,1.7570,1.7570,3.6094,3.6094,3.6094,3.6094,3.6094
4.910000,4.6529,4.6529,4.6529,4.6529,4.6529,2.8270,2.8270,2.8270,2.8270,2.8270,1.7471,1.7471,1.7471,1.7471,1.7471,3.5730,3.5730,3.5730,3.5730,3.5730
4.920000,4.6618,4.6618,4.6618,4.6618,4.6618,2.8636,2.8636,2.8636,2.8636,2.8636,1.7382,1.7382,1.7382,1.7382,1.7382,3.5364,3.5364,3.5364,3.5364,3.5364
4.930000,4.6698,4.6698,4.6698,4.6698,4.6698,2.9004,2.9004,2.9004,2.9004,2.9004,1.7302,1.7302,1.7302,1.7302,1.7302,3.4996,3.4996,3.4996,3.4996,3.4996
4.940000,4.6768,4.6768,4.6768,4.6768,4.6768,2.9375,2.9375,2.9375,2.9375,2.9375,1.7232,1.7232,1.7232,1.7232,1.7232,3.4625,3.4625,3.4625,3.4625,3.4625
4.950000,4.6830,4.6830,4.6830,4.6830,4.6830,2.9747,2.9747,2.9747,2.9747,2.9747,1.7170,1.7170,1.7170,1.7170,1.7170,3.4253,3.4253,3.4253,3.4253,3.4253
4.960000,4.6882,4.6882,4.6882,4.6882,4.6882,3.0120,3.0120,3.0120,3.0120,3.0120,1.7118,1.7118,1.7118,1.7118,1.7118,3.3880,3.3880,3.3880,3.3880,3.3880
4.970000,4.6924,4.6924,4.6924,4.6924,4.6924,3.0495,3.0495,3.0495,3.0495,3.0495,1.7076,1.7076,1.7076,1.7076,1.7076,3.3505,3.3505,3.3505,3.3505,3.3505
4.980000,4.6957,4.6957,4.6957,4.6957,4.6957,3.0870,3.0870,3.0870,3.0870,3.0870,1.7043,1.7043,1.7043,1.7043,1.7043,3.3130,3.3130,3.3130,3.3130,3.3130
4.990000,4.6981,4.6981,4.6981,4.6981,4.6981,3.1246,3.1246,3.1246,3.1246,3.1246,1.7019,1.7019,1.7019,1.7019,1.7019,3.2754,3.2754,3.2754,3.2754,3.2754
5.000000,4.6995,4.6995,4.6995,4.6995,4.6995,3.1623,3.1623,3.1623,3.1623,3.1623,1.7005,1.7005,1.7005,1.7005,1.7005,3.2377,3.2377,3.2377,3.2377,3.2377
5.010000,4.7000,4.7000,4.7000,4.7000,4.7000,3.2000,3.2000,3.2000,3.2000,3.2000,1.7000,1.7000,1.7000,1.7000,1.7000,3.2000,3.2000,3.2000,3.2000,3.2000
5.020000,4.6995,4.6995,4.6995,4.6995,4.6995,3.2377,3.2377,3.2377,3.2377,3.2377,1.7005,1.7005,1.7005,1.7005,1.7005,3.1623,3.1623,3.1623,3.1623,3.1623
5.030000,4.6981,4.6981,4.6981,4.6981,4.6981,3.2754,3.2754,3.2754,3.2754,3.2754,1.7019,1.7019,1.7019,1.7019,1.7019,3.1246,3.1246,3.1246,3.1246,3.1246
5.040000,4.6957,4.6957,4.6957,4.6957,4.6957,3.3130,3.3130,3.3130,3.3130,3.3130,1.7043,1.7043,1.7043,1.7043,1.7043,3.0870,3.0870,3.0870,3.0870,3.0870
5.050000,4.6924,4.6924,4.6924,4.6924,4.6924,3.3505,3.3505,3.3505,3.3505,3.3505,1.7076,1.7076,1.7076,1.7076,1.7076,3.0495,3.0495,3.0495,3.0495,3.0495
5.060000,4.6882,4.6882,4.6882,4.6882,4.6882,3.3880,3.3880,3.3880,3.3880,3.3880,1.7118,1.7118,1.7118,1.7118,1.7118,3.0120,3.0120,3.0120,3.0120,3.0120
5.070000,4.6830,4.6830,4.6830,4.6830,4.6830,3.4253,3.4253,3.4253,3.4253,3.4253,1.7170,1.7170,1.7170,1.7170,1.7170,2.9747,2.9747,2.9747,2.9747,2.9747
5.080000,4.6768,4.6768,4.6768,4.6768,4.6768,3.4625,3.4625,3.4625,3.4625,3.4625,1.7232,1.7232,1.7232,1.7232,1.7232,2.9375,2.9375,2.9375,2.9375,2.9375
5.090000,4.6698,4.6698,4.6698,4.6698,4.6698,3.4996,3.4996,3.4996,3.4996,3.4996,1.7302,1.7302,1.7302,1.7302,1.7302,2.9004,2.9004,2.9004,2.9004,2.9004
5.100000,4.6618,4.6618,4.6618,4.6618,4.6618,3.5364,3.5364,3.5364,3.5364,3.5364,1.7382,1.7382,1.7382,1.7382,1.7382,2.8636,2.8636,2.8636,2.8636,2.8636
5.110000,4.6529,4.6529,4.6529,4.6529,4.6529,3.5730,3.5730,3.5730,3.5730,3.5730,1.7471,1.7471,1.7471,1.7471,1.7471,2.8270,2.8270,2.8270,2.8270,2.8270
5.120000,4.6430,4.6430,4.6430,4.6430,4.6430,3.6094,3.6094,3.6094,3.6094,3.6094,1.7570,1.7570,1.7570,1.7570,1.7570,2.7906,2.7906,2.7906,2.7906,2.7906
5.130000,4.6323,4.6323,4.6323,4.6323,4.6323,3.6456,3.6456,3.6456,3.6456,3.6456,1.7677,1.7677,1.7677,1.7677,1.7677,2.7544,2.7544,2.7544,2.7544,2.7544
5.140000,4.6206,4.6206,4.6206,4.6206,4.6206,3.6814,3.6814,3.6814,3.6814,3.6814,1.7794,1.7794,1.7794,1.7794,1.7794,2.7186,2.7186,2.7186,2.7186,2.7186
5.150000,4.6081,4.6081,4.6081,4.6081,4.6081,3.7170,3.7170,3.7170,3.7170,3.7170,1.7919,1.7919,1.7919,1.7919,1.7919,2.6830,2.6830,2.6830,2.6830,2.6830
5.160000,4.5947,4.5947,4.5947,4.5947,4.5947,3.7522,3.7522,3.7522,3.7522,3.7522,1.8053,1.8053,1.8053,1.8053,1.8053,2.6478,2.6478,2.6478,2.6478,2.6478
5.170000,4.5803,4.5803,4.5803,4.5803,4.5803,3.7871,3.7871,3.7871,3.7871,3.7871,1.8197,1.8197,1.8197,1.8197,1.8197,2.6129,2.6129,2.6129,2.6129,2.6129
5.180000,4.5652,4.5652,4.5652,4.5652,4.5652,3.8216,3.8216,3.8216,3.8216,3.8216,1.8348,1.8348,1.8348,1.8348,1.8348,2.5784,2.5784,2.5784,2.5784,2.5784
5.190000,4.5491,4.5491,4.5491,4.5491,4.5491,3.8557,3.8557,3.8557,3.8557,3.8557,1.8509,1.8509,1.8509,1.8509,1.8509,2.5443,2.5443,2.5443,2.5443,2.5443
5.200000,4.5322,4.5322,4.5322,4.5322,4.5322,3.8894,3.8894,3.8894,3.8894,3.8894,1.8678,1.8678,1.8678,1.8678,1.8678,2.5106,2.5106,2.5106,2.5106,2.5106
5.210000,4.5145,4.5145,4.5145,4.5145,4.5145,3.9226,3.9226,3.9226,3.9226,3.9226,1.8855,1.8855,1.8855,1.8855,1.8855,2.4774,2.4774,2.4774,2.4774,2.4774
5.220000,4.4959,4.4959,4.4959,4.4959,4.4959,3.9554,3.9554,3.9554,3.9554,3.9554,1.9041,1.9041,1.9041,1.9041,1.9041,2.4446,2.4446,2.4446,2.4446,2.4446
5.230000,4.4765,4.4765,4.4765,4.4765,4.4765,3.9878,3.9878,3.9878,3.9878,3.9878,1.9235,1.9235,1.9235,1.9235,1.9235,2.4122,2.4122,2.4122,2.4122,2.4122
5.240000,4.4563,4.4563,4.4563,4.4563,4.4563,4.0196,4.0196,4.0196,4.0196,4.0196,1.9437,1.9437,1.9437,1.9437,1.9437,2.3804,2.3804,2.3804,2.3804,2.3804
5.250000,4.4353,4.4353,4.4353,4.4353,4.4353,4.0509,4.0509,4.0509,4.0509,4.0509,1.9647,1.9647,1.9647,1.9647,1.9647,2.3491,2.3491,2.3491,2.3491,2.3491
5.260000,4.4135,4.4135,4.4135,4.4135,4.4135,4.0817,4.0817,4.0817,4.0817,4.0817,1.9865,1.9865,1.9865,1.9865,1.9865,2.3183,2.3183,2.3183,2.3183,2.3183
5.270000,4.3910,4.3910,4.3910,4.3910,4.3910,4.1119,4.1119,4.1119,4.1119,4.1119,2.0090,2.0090,2.0090,2.0090,2.0090,2.2881,2.2881,2.2881,2.2881,2.2881
5.280000,4.3677,4.3677,4.3677,4.3677,4.3677,4.1415,4.1415,4.1415,4.1415,4.1415,2.0323,2.0323,2.0323,2.0323,2.0323,2.2585,2.2585,2.2585,2.2585,2.2585
5.290000,4.3437,4.3437,4.3437,4.3437,4.3437,4.1706,4.1706,4.1706,4.1706,4.1706,2.0563,2.0563,2.0563,2.0563,2.0563,2.2294,2.2294,2.2294,2.2294,2.2294
5.300000,4.3189,4.3189,4.3189,4.3189,4.3189,4.1990,4.1990,4.1990,4.1990,4.1990,2.0811,2.0811,2.0811,2.0811,2.0811,2.2010,2.2010,2.2010,2.2010,2.2010
5.310000,4.2935,4.2935,4.2935,4.2935,4.2935,4.2268,4.2268,4.2268,4.2268,4.2268,2.1065,2.1065,2.1065,2.1065,2.1065,2.1732,2.1732,2.1732,2.1732,2.1732
5.320000,4.2673,4.2673,4.2673,4.2673,4.2673,4.2540,4.2540,4.2540,4.2540,4.2540,2.1327,2.1327,2.1327,2.1327,2.1327,2.1460,2.1460,2.1460,2.1460,2.1460
5.330000,4.2405,4.2405,4.2405,4.2405,4.2405,4.2805,4.2805,4.2805,4.2805,4.2805,2.1595,2.1595,2.1595,2.1595,2.1595,2.1195,2.1195,2.1195,2.1195,2.1195
5.340000,4.2130,4.2130,4.2130,4.2130,4.2130,4.3063,4.3063,4.3063,4.3063,4.3063,2.1870,2.1870,2.1870,2.1870,2.1870,2.0937,2.0937,2.0937,2.0937,2.0937
5.350000,4.1849,4.1849,4.1849,4.1849,4.1849,4.3314,4.3314,4.3314,4.3314,4.3314,2.2151,2.2151,2.2151,2.2151,2.2151,2.0686,2.0686,2.0686,2.0686,2.0686
5.360000,4.1561,4.1561,4.1561,4.1561,4.1561,4.3558,4.3558,4.3558,4.3558,4.3558,2.2439,2.2439,2.2439,2.2439,2.2439,2.0442,2.0442,2.0442,2.0442,2.0442
5.370000,4.1268,4.1268,4.1268,4.1268,4.1268,4.3794,4.3794,4.3794,4.3794,4.3794,2.2732,2.2732,2.2732,2.2732,2.2732,2.0206,2.0206,2.0206,2.0206,2.0206
5.380000,4.0969,4.0969,4.0969,4.0969,4.0969,4.4024,4.4024,4.4024,4.4024,4.4024,2.3031,2.3031,2.3031,2.3031,2.3031,1.9976,1.9976,1.9976,1.9976,1.9976
5.390000,4.0664,4.0664,4.0664,4.0664,4.0664,4.4245,4.4245,4.4245,4.4245,4.4245,2.3336,2.3336,2.3336,2.3336,2.3336,1.9755,1.9755,1.9755,1.9755,1.9755
5.400000,4.0353,4.0353,4.0353,4.0353,4.0353,4.4459,4.4459,4.4459,4.4459,4.4459,2.3647,2.3647,2.3647,2.3647,2.3647,1.9541,1.9541,1.9541,1.9541,1.9541
5.410000,4.0037,4.0037,4.0037,4.0037,4.0037,4.4665,4.4665,4.4665,4.4665,4.4665,2.3963,2.3963,2.3963,2.3963,2.3963,1.9335,1.9335,1.9335,1.9335,1.9335
5.420000,3.9717,3.9717,3.9717,3.9717,3.9717,4.4863,4.4863,4.4863,4.4863,4.4863,2.4283,2.4283,2.4283,2.4283,2.4283,1.9137,1.9137,1.9137,1.9137,1.9137
5.430000,3.9391,3.9391,3.9391,3.9391,3.9391,4.5053,4.5053,4.5053,4.5053,4.5053,2.4609,2.4609,2.4609,2.4609,2.4609,1.8947,1.8947,1.8947,1.8947,1.8947
5.440000,3.9061,3.9061,3.9061,3.9061,3.9061,4.5234,4.5234,4.5234,4.5234,4.5234,2.4939,2.4939,2.4939,2.4939,2.4939,1.8766,1.8766,1.8766,1.8766,1.8766
5.450000,3.8726,3.8726,3.8726,3.8726,3.8726,4.5408,4.5408,4.5408,4.5408,4.5408,2.5274,2.5274,2.5274,2.5274,2.5274,1.8592,1.8592,1.8592,1.8592,1.8592
5.460000,3.8387,3.8387,3.8387,3.8387,3.8387,4.5572,4.5572,4.5572,4.5572,4.5572,2.5613,2.5613,2.5613,2.5613,2.5613,1.8428,1.8428,1.8428,1.8428,1.8428
5.470000,3.8044,3.8044,3.8044,3.8044,3.8044,4.5729,4.5729,4.5729,4.5729,4.5729,2.5956,2.5956,2.5956,2.5956,2.5956,1.8271,1.8271,1.8271,1.8271,1.8271
5.480000,3.7697,3.7697,3.7697,3.7697,3.7697,4.5876,4.5876,4.5876,4.5876,4.5876,2.6303,2.6303,2.6303,2.6303,2.6303,1.8124,1.8124,1.8124,1.8124,1.8124
5.490000,3.7346,3.7346,3.7346,3.7346,3.7346,4.6015,4.6015,4.6015,4.6015,4.6015,2.6654,2.6654,2.6654,2.6654,2.6654,1.7985,1.7985,1.7985,1.7985,1.7985
5.500000,3.6992,3.6992,3.6992,3.6992,3.6992,4.6145,4.6145,4.6145,4.6145,4.6145,2.7008,2.7008,2.7008,2.7008,2.7008,1.7855,1.7855,1.7855,1.7855,1.7855
5.510000,3.6635,3.6635,3.6635,3.6635,3.6635,4.6266,4.6266,4.6266,4.6266,4.6266,2.7365,2.7365,2.7365,2.7365,2.7365,1.7734,1.7734,1.7734,1.7734,1.7734
5.520000,3.6275,3.6275,3.6275,3.6275,3.6275,4.6378,4.6378,4.6378,4.6378,4.6378,2.7725,2.7725,2.7725,2.7725,2.7725,1.7622,1.7622,1.7622,1.7622,1.7622
5.530000,3.5913,3.5913,3.5913,3.5913,3.5913,4.6481,4.6481,4.6481,4.6481,4.6481,2.8087,2.8087,2.8087,2.8087,2.8087,1.7519,1.7519,1.7519,1.7519,1.7519
5.540000,3.5547,3.5547,3.5547,3.5547,3.5547,4.6574,4.6574,4.6574,4.6574,4.6574,2.8453,2.8453,2.8453,2.8453,2.8453,1.7426,1.7426,1.7426,1.7426,1.7426
5.550000,3.5180,3.5180,3.5180,3.5180,3.5180,4.6659,4.6659,4.6659,4.6659,4.6659,2.8820,2.8820,2.8820,2.8820,2.8820,1.7341,1.7341,1.7341,1.7341,1.7341
5.560000,3.4811,3.4811,3.4811,3.4811,3.4811,4.6734,4.6734,4.6734,4.6734,4.6734,2.9189,2.9189,2.9189,2.9189,2.9189,1.7266,1.7266,1.7266,1.7266,1.7266
5.570000,3.4440,3.4440,3.4440,3.4440,3.4440,4.6800,4.6800,4.6800,4.6800,4.6800,2.9560,2.9560,2.9560,2.9560,2.9560,1.7200,1.7200,1.7200,1.7200,1.7200
5.580000,3.4067,3.4067,3.4067,3.4067,3.4067,4.6857,4.6857,4.6857,4.6857,4.6857,2.9933,2.9933,2.9933,2.9933,2.9933,1.7143,1.7143,1.7143,1.7143,1.7143
5.590000,3.3693,3.3693,3.3693,3.3693,3.3693,4.6904,4.6904,4.6904,4.6904,4.6904,3.0307,3.0307,3.0307,3.0307,3.0307,1.7096,1.7096,1.7096,1.7096,1.7096
5.600000,3.3318,3.3318,3.3318,3.3318,3.3318,4.6942,4.6942,4.6942,4.6942,4.6942,3.0682,3.0682,3.0682,3.0682,3.0682,1.7058,1.7058,1.7058,1.7058,1.7058
5.610000,3.2942,3.2942,3.2942,3.2942,3.2942,4.6970,4.6970,4.6970,4.6970,4.6970,3.1058,3.1058,3.1058,3.1058,3.1058,1.7030,1.7030,1.7030,1.7030,1.7030
5.620000,3.2565,3.2565,3.2565,3.2565,3.2565,4.6989,4.6989,4.6989,4.6989,4.6989,3.1435,3.1435,3.1435,3.1435,3.1435,1.7011,1.7011,1.7011,1.7011,1.7011
5.630000,3.2188,3.2188,3.2188,3.2188,3.2188,4.6999,4.6999,4.6999,4.6999,4.6999,3.1812,3.1812,3.1812,3.1812,3.1812,1.7001,1.7001,1.7001,1.7001,1.7001
5.640000,3.1812,3.1812,3.1812,3.1812,3.1812,4.6999,4.6999,4.6999,4.6999,4.6999,3.2188,3.2188,3.2188,3.2188,3.2188,1.7001,1.7001,1.7001,1.7001,1.7001
5.650000,3.1435,3.1435,3.1435,3.1435,3.1435,4.6989,4.6989,4.6989,4.6989,4.6989,3.2565,3.2565,3.2565,3.2565,3.2565,1.7011,1.7011,1.7011,1.7011,1.7011
5.660000,3.1058,3.1058,3.1058,3.1058,3.1058,4.6970,4.6970,4.6970,4.6970,4.6970,3.2942,3.2942,3.2942,3.2942,3.2942,1.7030,1.7030,1.7030,1.7030,1.7030
5.670000,3.0682,3.0682,3.0682,3.0682,3.0682,4.6942,4.6942,4.6942,4.6942,4.6942,3.3318,3.3318,3.3318,3.3318,3.3318,1.7058,1.7058,1.7058,1.7058,1.7058
5.680000,3.0307,3.0307,3.0307,3.0307,3.0307,4.6904,4.6904,4.6904,4.6904,4.6904,3.3693,3.3693,3.3693,3.3693,3.3693,1.7096,1.7096,1.7096,1.7096,1.7096
5.690000,2.9933,2.9933,2.9933,2.9933,2.9933,4.6857,4.6857,4.6857,4.6857,4.6857,3.4067,3.4067,3.4067,3.4067,3.4067,1.7143,1.7143,1.7143,1.7143,1.7143
5.700000,2.9560,2.9560,2.9560,2.9560,2.9560,4.6800,4.6800,4.6800,4.6800,4.6800,3.4440,3.4440,3.4440,3.4440,3.4440,1.7200,1.7200,1.7200,1.7200,1.7200
5.710000,2.9189,2.9189,2.9189,2.9189,2.9189,4.6734,4.6734,4.6734,4.6734,4.6734,3.4811,3.4811,3.4811,3.4811,3.4811,1.7266,1.7266,1.7266,1.7266,1.7266
5.720000,2.8820,2.8820,2.8820,2.8820,2.8820,4.6659,4.6659,4.6659,4.6659,4.6659,3.5180,3.5180,3.5180,3.5180,3.5180,1.7341,1.7341,1.7341,1.7341,1.7341
5.730000,2.8453,2.8453,2.8453,2.8453,2.8453,4.6574,4.6574,4.6574,4.6574,4.6574,3.5547,3.5547,3.5547,3.5547,3.5547,1.7426,1.7426,1.7426,1.7426,1.7426
5.740000,2.8087,2.8087,2.8087,2.8087,2.8087,4.6481,4.6481,4.6481,4.6481,4.6481,3.5913,3.5913,3.5913,3.5913,3.5913,1.7519,1.7519,1.7519,1.7519,1.7519
5.750000,2.7725,2.7725,2.7725,2.7725,2.7725,4.6378,4.6378,4.6378,4.6378,4.6378,3.6275,3.6275,3.6275,3.6275,3.6275,1.7622,1.7622,1.7622,1.7622,1.7622
5.760000,2.7365,2.7365,2.7365,2.7365,2.7365,4.6266,4.6266,4.6266,4.6266,4.6266,3.6635,3.6635,3.6635,3.6635,3.6635,1.7734,1.7734,1.7734,1.7734,1.7734
5.770000,2.7008,2.7008,2.7008,2.7008,2.7008,4.6145,4.6145,4.6145,4.6145,4.6145,3.6992,3.6992,3.6992,3.6992,3.6992,1.7855,1.7855,1.7855,1.7855,1.7855
5.780000,2.6654,2.6654,2.6654,2.6654,2.6654,4.6015,4.6015,4.6015,4.6015,4.6015,3.7346,3.7346,3.7346,3.7346,3.7346,1.7985,1.7985,1.7985,1.7985,1.7985
5.790000,2.6303,2.6303,2.6303,2.6303,2.6303,4.5876,4.5876,4.5876,4.5876,4.5876,3.7697,3.7697,3.7697,3.7697,3.7697,1.8124,1.8124,1.8124,1.8124,1.8124
5.800000,2.5956,2.5956,2.5956,2.5956,2.5956,4.5729,4.5729,4.5729,4.5729,4.5729,3.8044,3.8044,3.8044,3.8044,3.8044,1.8271,1.8271,1.8271,1.8271,1.8271
5.810000,2.5613,2.5613,2.5613,2.5613,2.5613,4.5572,4.5572,4.5572,4.5572,4.5572,3.8387,3.8387,3.8387,3.8387,3.8387,1.8428,1.8428,1.8428,1.8428,1.8428
5.820000,2.5274,2.5274,2.5274,2.5274,2.5274,4.5408,4.5408,4.5408,4.5408,4.5408,3.8726,3.8726,3.8726,3.8726,3.8726,1.8592,1.8592,1.8592,1.8592,1.8592
5.830000,2.4939,2.4939,2.4939,2.4939,2.4939,4.5234,4.5234,4.5234,4.5234,4.5234,3.9061,3.9061,3.9061,3.9061,3.9061,1.8766,1.8766,1.8766,1.8766,1.8766
5.840000,2.4609,2.4609,2.4609,2.4609,2.4609,4.5053,4.5053,4.5053,4.5053,4.5053,3.9391,3.9391,3.9391,3.9391,3.9391,1.8947,1.8947,1.8947,1.8947,1.8947
5.850000,2.4283,2.4283,2.4283,2.4283,2.4283,4.4863,4.4863,4.4863,4.4863,4.4863,3.9717,3.9717,3.9717,3.9717,3.9717,1.9137,1.9137,1.9137,1.9137,1.9137
5.860000,2.3963,2.3963,2.3963,2.3963,2.3963,4.4665,4.4665,4.4665,4.4665,4.4665,4.0037,4.0037,4.0037,4.0037,4.0037,1.9335,1.9335,1.9335,1.9335,1.9335
5.870000,2.3647,2.3647,2.3647,2.3647,2.3647,4.4459,4.4459,4.4459,4.4459,4.4459,4.0353,4.0353,4.0353,4.0353,4.0353,1.9541,1.9541,1.9541,1.9541,1.9541
5.880000,2.3336,2.3336,2.3336,2.3336,2.3336,4.4245,4.4245,4.4245,4.4245,4.4245,4.0664,4.0664,4.0664,4.0664,4.0664,1.9755,1.9755,1.9755,1.9755,1.9755
5.890000,2.3031,2.3031,2.3031,2.3031,2.3031,4.4024,4.4024,4.4024,4.4024,4.4024,4.0969,4.0969,4.0969,4.0969,4.0969,1.9976,1.9976,1.9976,1.9976,1.9976
5.900000,2.2732,2.2732,2.2732,2.2732,2.2732,4.3794,4.3794,4.3794,4.3794,4.3794,4.1268,4.1268,4.1268,4.1268,4.1268,2.0206,2.0206,2.0206,2.0206,2.0206
5.910000,2.2439,2.2439,2.2439,2.2439,2.2439,4.3558,4.3558,4.3558,4.3558,4.3558,4.1561,4.1561,4.1561,4.1561,4.1561,2.0442,2.0442,2.0442,2.0442,2.0442
5.920000,2.2151,2.2151,2.2151,2.2151,2.2151,4.3314,4.3314,4.3314,4.3314,4.3314,4.1849,4.1849,4.1849,4.1849,4.1849,2.0686,2.0686,2.0686,2.0686,2.0686
5.930000,2.1870,2.1870,2.1870,2.1870,2.1870,4.3063,4.3063,4.3063,4.3063,4.3063,4.2130,4.2130,4.2130,4.2130,4.2130,2.0937,2.0937,2.0937,2.0937,2.0937
5.940000,2.1595,2.1595,2.1595,2.1595,2.1595,4.2805,4.2805,4.2805,4.2805,4.2805,4.2405,4.2405,4.2405,4.2405,4.2405,2.1195,2.1195,2.1195,2.1195,2.1195
5.950000,2.1327,2.1327,2.1327,2.1327,2.1327,4.2540,4.2540,4.2540,4.2540,4.2540,4.2673,4.2673,4.2673,4.2673,4.2673,2.1460,2.1460,2.1460,2.1460,2.1460
5.960000,2.1065,2.1065,2.1065,2.1065,2.1065,4.2268,4.2268,4.2268,4.2268,4.2268,4.2935,4.2935,4.2935,4.2935,4.2935,2.1732,2.1732,2.1732,2.1732,2.1732
5.970000,2.0811,2.0811,2.0811,2.0811,2.0811,4.1990,4.1990,4.1990,4.1990,4.1990,4.3189,4.3189,4.3189,4.3189,4.3189,2.2010,2.2010,2.2010,2.2010,2.2010
5.980000,2.0563,2.0563,2.0563,2.0563,2.0563,4.1706,4.1706,4.1706,4.1706,4.1706,4.3437,4.3437,4.3437,4.3437,4.3437,2.2294,2.2294,2.2294,2.2294,2.2294
5.990000,2.0323,2.0323,2.0323,2.0323,2.0323,4.1415,4.1415,4.1415,4.1415,4.1415,4.3677,4.3677,4.3677,4.3677,4.3677,2.2585,2.2585,2.2585,2.2585,2.2585
6.000000,2.0090,2.0090,2.0090,2.0090,2.0090,4.1119,4.1119,4.1119,4.1119,4.1119,4.3910,4.3910,4.3910,4.3910,4.3910,2.2881,2.2881,2.2881,2.2881,2.2881
6.010000,1.9865,1.9865,1.9865,1.9865,1.9865,4.0817,4.0817,4.0817,4.0817,4.0817,4.4135,4.4135,4.4135,4.4135,4.4135,2.3183,2.3183,2.3183,2.3183,2.3183
6.020000,1.9647,1.9647,1.9647,1.9647,1.9647,4.0509,4.0509,4.0509,4.0509,4.0509,4.4353,4.4353,4.4353,4.4353,4.4353,2.3491,2.3491,2.3491,2.3491,2.3491
6.030000,1.9437,1.9437,1.9437,1.9437,1.9437,4.0196,4.0196,4.0196,4.0196,4.0196,4.4563,4.4563,4.4563,4.4563,4.4563,2.3804,2.3804,2.3804,2.3804,2.3804
6.040000,1.9235,1.9235,1.9235,1.9235,1.9235,3.9878,3.9878,3.9878,3.9878,3.9878,4.4765,4.4765,4.4765,4.4765,4.4765,2.4122,2.4122,2.4122,2.4122,2.4122
6.050000,1.9041,1.9041,1.9041,1.9041,1.9041,3.9554,3.9554,3.9554,3.9554,3.9554,4.4959,4.4959,4.4959,4.4959,4.4959,2.4446,2.4446,2.4446,2.4446,2.4446
6.060000,1.8855,1.8855,1.8855,1.8855,1.8855,3.9226,3.9226,3.9226,3.9226,3.9226,4.5145,4.5145,4.5145,4.5145,4.5145,2.4774,2.4774,2.4774,2.4774,2.4774
6.070000,1.8678,1.8678,1.8678,1.8678,1.8678,3.8894,3.8894,3.8894,3.8894,3.8894,4.5322,4.5322,4.5322,4.5322,4.5322,2.5106,2.5106,2.5106,2.5106,2.5106
6.080000,1.8509,1.8509,1.8509,1.8509,1.8509,3.8557,3.8557,3.8557,3.8557,3.8557,4.5491,4.5491,4.5491,4.5491,4.5491,2.5443,2.5443,2.5443,2.5443,2.5443
6.090000,1.8348,1.8348,1.8348,1.8348,1.8348,3.8216,3.8216,3.8216,3.8216,3.8216,4.5652,4.5652,4.5652,4.5652,4.5652,2.5784,2.5784,2.5784,2.5784,2.5784
6.100000,1.8197,1.8197,1.8197,1.8197,1.8197,3.7871,3.7871,3.7871,3.7871,3.7871,4.5803,4.5803,4.5803,4.5803,4.5803,2.6129,2.6129,2.6129,2.6129,2.6129
6.110000,1.8053,1.8053,1.8053,1.8053,1.8053,3.7522,3.7522,3.7522,3.7522,3.7522,4.5947,4.5947,4.5947,4.5947,4.5947,2.6478,2.6478,2.6478,2.6478,2.6478
6.120000,1.7919,1.7919,1.7919,1.7919,1.7919,3.7170,3.7170,3.7170,3.7170,3.7170,4.6081,4.6081,4.6081,4.6081,4.6081,2.6830,2.6830,2.6830,2.6830,2.6830
6.130000,1.7794,1.7794,1.7794,1.7794,1.7794,3.6814,3.6814,3.6814,3.6814,3.6814,4.6206,4.6206,4.6206,4.6206,4.6206,2.7186,2.7186,2.7186,2.7186,2.7186
6.140000,1.7677,1.7677,1.7677,1.7677,1.7677,3.6456,3.6456,3.6456,3.6456,3.6456,4.6323,4.6323,4.6323,4.6323,4.6323,2.7544,2.7544,2.7544,2.7544,2.7544
6.150000,1.7570,1.7570,1.7570,1.7570,1.7570,3.6094,3.6094,3.6094,3.6094,3.6094,4.6430,4.6430,4.6430,4.6430,4.6430,2.7906,2.7906,2.7906,2.7906,2.7906
6.160000,1.7471,1.7471,1.7471,1.7471,1.7471,3.5730,3.5730,3.5730,3.5730,3.5730,4.6529,4.6529,4.6529,4.6529,4.6529,2.8270,2.8270,2.8270,2.8270,2.8270
6.170000,1.7382,1.7382,1.7382,1.7382,1.7382,3.5364,3.5364,3.5364,3.5364,3.5364,4.6618,4.6618,4.6618,4.6618,4.6618,2.8636,2.8636,2.8636,2.8636,2.8636
6.180000,1.7302,1.7302,1.7302,1.7302,1.7302,3.4996,3.4996,3.4996,3.4996,3.4996,4.6698,4.6698,4.6698,4.6698,4.6698,2.9004,2.9004,2.9004,2.9004,2.9004
6.190000,1.7232,1.7232,1.7232,1.7232,1.7232,3.4625,3.4625,3.4625,3.4625,3.4625,4.6768,4.6768,4.6768,4.6768,4.6768,2.9375,2.9375,2.9375,2.9375,2.9375
6.200000,1.7170,1.7170,1.7170,1.7170,1.7170,3.4253,3.4253,3.4253,3.4253,3.4253,4.6830,4.6830,4.6830,4.6830,4.6830,2.9747,2.9747,2.9747,2.9747,2.9747
6.210000,1.7118,1.7118,1.7118,1.7118,1.7118,3.3880,3.3880,3.3880,3.3880,3.3880,4.6882,4.6882,4.6882,4.6882,4.6882,3.0120,3.0120,3.0120,3.0120,3.0120
6.220000,1.7076,1.7076,1.7076,1.7076,1.7076,3.3505,3.3505,3.3505,3.3505,3.3505,4.6924,4.6924,4.6924,4.6924,4.6924,3.0495,3.0495,3.0495,3.0495,3.0495
6.230000,1.7043,1.7043,1.7043,1.7043,1.7043,3.3130,3.3130,3.3130,3.3130,3.3130,4.6957,4.6957,4.6957,4.6957,4.6957,3.0870,3.0870,3.0870,3.0870,3.0870
6.240000,1.7019,1.7019,1.7019,1.7019,1.7019,3.2754,3.2754,3.2754,3.2754,3.2754,4.6981,4.6981,4.6981,4.6981,4.6981,3.1246,3.1246,3.1246,3.1246,3.1246
6.250000,1.7005,1.7005,1.7005,1.7005,1.7005,3.2377,3.2377,3.2377,3.2377,3.2377,4.6995,4.6995,4.6995,4.6995,4.6995,3.1623,3.1623,3.1623,3.1623,3.1623
6.260000,1.7000,1.7000,1.7000,1.7000,1.7000,3.2000,3.2000,3.2000,3.2000,3.2000,4.7000,4.7000,4.7000,4.7000,4.7000,3.2000,3.2000,3.2000,3.2000,3.2000
6.270000,1.7005,1.7005,1.7005,1.7005,1.7005,3.1623,3.1623,3.1623,3.1623,3.1623,4.6995,4.6995,4.6995,4.6995,4.6995,3.2377,3.2377,3.2377,3.2377,3.2377
6.280000,1.7019,1.7019,1.7019,1.7019,1.7019,3.1246,3.1246,3.1246,3.1246,3.1246,4.6981,4.6981,4.6981,4.6981,4.6981,3.2754,3.2754,3.2754,3.2754,3.2754
6.290000,1.7043,1.7043,1.7043,1.7043,1.7043,3.0870,3.0870,3.0870,3.0870,3.0870,4.6957,4.6957,4.6957,4.6957,4.6957,3.3130,3.3130,3.3130,3.3130,3.3130
6.300000,1.7076,1.7076,1.7076,1.7076,1.7076,3.0495,3.0495,3.0495,3.0495,3.0495,4.6924,4.6924,4.6924,4.6924,4.6924,3.3505,3.3505,3.3505,3.3505,3.3505
6.310000,1.7118,1.7118,1.7118,1.7118,1.7118,3.0120,3.0120,3.0120,3.0120,3.0120,4.6882,4.6882,4.6882,4.6882,4.6882,3.3880,3.3880,3.3880,3.3880,3.3880
6.320000,1.7170,1.7170,1.7170,1.7170,1.7170,2.9747,2.9747,2.9747,2.9747,2.9747,4.6830,4.6830,4.6830,4.6830,4.6830,3.4253,3.4253,3.4253,3.4253,3.4253
6.330000,1.7232,1.7232,1.7232,1.7232,1.7232,2.9375,2.9375,2.9375,2.9375,2.9375,4.6768,4.6768,4.6768,4.6768,4.6768,3.4625,3.4625,3.4625,3.4625,3.4625
6.340000,1.7302,1.7302,1.7302,1.7302,1.7302,2.9004,2.9004,2.9004,2.9004,2.9004,4.6698,4.6698,4.6698,4.6698,4.6698,3.4996,3.4996,3.4996,3.4996,3.4996
6.350000,1.7382,1.7382,1.7382,1.7382,1.7382,2.8636,2.8636,2.8636,2.8636,2.8636,4.6618,4.6618,4.6618,4.6618,4.6618,3.5364,3.5364,3.5364,3.5364,3.5364
6.360000,1.7471,1.7471,1.7471,1.7471,1.7471,2.8270,2.8270,2.8270,2.8270,2.8270,4.6529,4.6529,4.6529,4.6529,4.6529,3.5730,3.5730,3.5730,3.5730,3.5730
6.370000,1.7570,1.7570,1.7570,1.7570,1.7570,2.7906,2.7906,2.7906,2.7906,2.7906,4.6430,4.6430,4.6430,4.6430,4.6430,3.6094,3.6094,3.6094,3.6094,3.6094
6.380000,1.7677,1.7677,1.7677,1.7677,1.7677,2.7544,2.7544,2.7544,2.7544,2.7544,4.6323,4.6323,4.6323,4.6323,4.6323,3.6456,3.6456,3.6456,3.6456,3.6456
6.390000,1.7794,1.7794,1.7794,1.7794,1.7794,2.7186,2.7186,2.7186,2.7186,2.7186,4.6206,4.6206,4.6206,4.6206,4.6206,3.6814,3.6814,3.6814,3.6814,3.6814
6.400000,1.7919,1.7919,1.7919,1.7919,1.7919,2.6830,2.6830,2.6830,2.6830,2.6830,4.6081,4.6081,4.6081,4.6081,4.6081,3.7170,3.7170,3.7170,3.7170,3.7170
6.410000,1.8053,1.8053,1.8053,1.8053,1.8053,2.6478,2.6478,2.6478,2.6478,2.6478,4.5947,4.5947,4.5947,4.5947,4.5947,3.7522,3.7522,3.7522,3.7522,3.7522
6.420000,1.8197,1.8197,1.8197,1.8197,1.8197,2.6129,2.6129,2.6129,2.6129,2.6129,4.5803,4.5803,4.5803,4.5803,4.5803,3.7871,3.7871,3.7871,3.7871,3.7871
6.430000,1.8348,1.8348,1.8348,1.8348,1.8348,2.5784,2.5784,2.5784,2.5784,2.5784,4.5652,4.5652,4.5652,4.5652,4.5652,3.8216,3.8216,3.8216,3.8216,3.8216
6.440000,1.8509,1.8509,1.8509,1.8509,1.8509,2.5443,2.5443,2.5443,2.5443,2.5443,4.5491,4.5491,4.5491,4.5491,4.5491,3.8557,3.8557,3.8557,3.8557,3.8557
6.450000,1.8678,1.8678,1.8678,1.8678,1.8678,2.5106,2.5106,2.5106,2.5106,2.5106,4.5322,4.5322,4.5322,4.5322,4.5322,3.8894,3.8894,3.8894,3.8894,3.8894
6.460000,1.8855,1.8855,1.8855,1.8855,1.8855,2.4774,2.4774,2.4774,2.4774,2.4774,4.5145,4.5145,4.5145,4.5145,4.5145,3.9226,3.9226,3.9226,3.9226,3.9226
6.470000,1.9041,1.9041,1.9041,1.9041,1.9041,2.4446,2.4446,2.4446,2.4446,2.4446,4.4959,4.4959,4.4959,4.4959,4.4959,3.9554,3.9554,3.9554,3.9554,3.9554
6.480000,1.9235,1.9235,1.9235,1.9235,1.9235,2.4122,2.4122,2.4122,2.4122,2.4122,4.4765,4.4765,4.4765,4.4765,4.4765,3.9878,3.9878,3.9878,3.9878,3.9878
6.490000,1.9437,1.9437,1.9437,1.9437,1.9437,2.3804,2.3804,2.3804,2.3804,2.3804,4.4563,4.4563,4.4563,4.4563,4.4563,4.0196,4.0196,4.0196,4.0196,4.0196
6.500000,1.9647,1.9647,1.9647,1.9647,1.9647,2.3491,2.3491,2.3491,2.3491,2.3491,4.4353,4.4353,4.4353,4.4353,4.4353,4.0509,4.0509,4.0509,4.0509,4.0509
6.510000,1.9865,1.9865,1.9865,1.9865,1.9865,2.3183,2.3183,2.3183,2.3183,2.3183,4.4135,4.4135,4.4135,4.4135,4.4135,4.0817,4.0817,4.0817,4.0817,4.0817
6.520000,2.0090,2.0090,2.0090,2.0090,2.0090,2.2881,2.2881,2.2881,2.2881,2.2881,4.3910,4.3910,4.3910,4.3910,4.3910,4.1119,4.1119,4.1119,4.1119,4.1119
6.530000,2.0323,2.0323,2.0323,2.0323,2.0323,2.2585,2.2585,2.2585,2.2585,2.2585,4.3677,4.3677,4.3677,4.3677,4.3677,4.1415,4.1415,4.1415,4.1415,4.1415
6.540000,2.0563,2.0563,2.0563,2.0563,2.0563,2.2294,2.2294,2.2294,2.2294,2.2294,4.3437,4.3437,4.3437,4.3437,4.3437,4.1706,4.1706,4.1706,4.1706,4.1706
6.550000,2.0811,2.0811,2.0811,2.0811,2.0811,2.2010,2.2010,2.2010,2.2010,2.2010,4.3189,4.3189,4.3189,4.3189,4.3189,4.1990,4.1990,4.1990,4.1990,4.1990
6.560000,2.1065,2.1065,2.1065,2.1065,2.1065,2.1732,2.1732,2.1732,2.1732,2.1732,4.2935,4.2935,4.2935,4.2935,4.2935,4.2268,4.2268,4.2268,4.2268,4.2268
6.570000,2.1327,2.1327,2.1327,2.1327,2.1327,2.1460,2.1460,2.1460,2.1460,2.1460,4.2673,4.2673,4.2673,4.2673,4.2673,4.2540,4.2540,4.2540,4.2540,4.2540
6.580000,2.1595,2.1595,2.1595,2.1595,2.1595,2.1195,2.1195,2.1195,2.1195,2.1195,4.2405,4.2405,4.2405,4.2405,4.2405,4.2805,4.2805,4.2805,4.2805,4.2805
6.590000,2.1870,2.1870,2.1870,2.1870,2.1870,2.0937,2.0937,2.0937,2.0937,2.0937,4.2130,4.2130,4.2130,4.2130,4.2130,4.3063,4.3063,4.3063,4.3063,4.3063
6.600000,2.2151,2.2151,2.2151,2.2151,2.2151,2.0686,2.0686,2.0686,2.0686,2.0686,4.1849,4.1849,4.1849,4.1849,4.1849,4.3314,4.3314,4.3314,4.3314,4.3314
6.610000,2.2439,2.2439,2.2439,2.2439,2.2439,2.0442,2.0442,2.0442,2.0442,2.0442,4.1561,4.1561,4.1561,4.1561,4.1561,4.3558,4.3558,4.3558,4.3558,4.3558
6.620000,2.2732,2.2732,2.2732,2.2732,2.2732,2.0206,2.0206,2.0206,2.0206,2.0206,4.1268,4.1268,4.1268,4.1268,4.1268,4.3794,4.3794,4.3794,4.3794,4.3794
6.630000,2.3031,2.3031,2.3031,2.3031,2.3031,1.9976,1.9976,1.9976,1.9976,1.9976,4.0969,4.0969,4.0969,4.0969,4.0969,4.4024,4.4024,4.4024,4.4024,4.4024
6.640000,2.3336,2.3336,2.3336,2.3336,2.3336,1.9755,1.9755,1.9755,1.9755,1.9755,4.0664,4.0664,4.0664,4.0664,4.0664,4.4245,4.4245,4.4245,4.4245,4.4245
6.650000,2.3647,2.3647,2.3647,2.3647,2.3647,1.9541,1.9541,1.9541,1.9541,1.9541,4.0353,4.0353,4.0353,4.0353,4.0353,4.4459,4.4459,4.4459,4.4459,4.4459
6.660000,2.3963,2.3963,2.3963,2.3963,2.3963,1.9335,1.9335,1.9335,1.9335,1.9335,4.0037,4.0037,4.0037,4.0037,4.0037,4.4665,4.4665,4.4665,4.4665,4.4665
6.670000,2.4283,2.4283,2.4283,2.4283,2.4283,1.9137,1.9137,1.9137,1.9137,1.9137,3.9717,3.9717,3.9717,3.9717,3.9717,4.4863,4.4863,4.4863,4.4863,4.4863
6.680000,2.4609,2.4609,2.4609,2.4609,2.4609,1.8947,1.8947,1.8947,1.8947,1.8947,3.9391,3.9391,3.9391,3.9391,3.9391,4.5053,4.5053,4.5053,4.5053,4.5053
6.690000,2.4939,2.4939,2.4939,2.4939,2.4939,1.8766,1.8766,1.8766,1.8766,1.8766,3.9061,3.9061,3.9061,3.9061,3.9061,4.5234,4.5234,4.5234,4.5234,4.5234
6.700000,2.5274,2.5274,2.5274,2.5274,2.5274,1.8592,1.8592,1.8592,1.8592,1.8592,3.8726,3.8726,3.8726,3.8726,3.8726,4.5408,4.5408,4.5408,4.5408,4.5408
6.710000,2.5613,2.5613,2.5613,2.5613,2.5613,1.8428,1.8428,1.8428,1.8428,1.8428,3.8387,3.8387,3.8387,3.8387,3.8387,4.5572,4.5572,4.5572,4.5572,4.5572
6.720000,2.5956,2.5956,2.5956,2.5956,2.5956,1.8271,1.8271,1.8271,1.8271,1.8271,3.8044,3.8044,3.8044,3.8044,3.8044,4.5729,4.5729,4.5729,4.5729,4.5729
6.730000,2.6303,2.6303,2.6303,2.6303,2.6303,1.8124,1.8124,1.8124,1.8124,1.8124,3.7697,3.7697,3.7697,3.7697,3.7697,4.5876,4.5876,4.5876,4.5876,4.5876
6.740000,2.6654,2.6654,2.6654,2.6654,2.6654,1.7985,1.7985,1.7985,1.7985,1.7985,3.7346,3.7346,3.7346,3.7346,3.7346,4.6015,4.6015,4.6015,4.6015,4.6015
6.750000,2.7008,2.7008,2.7008,2.7008,2.7008,1.7855,1.7855,1.7855,1.7855,1.7855,3.6992,3.6992,3.6992,3.6992,3.6992,4.6145,4.6145,4.6145,4.6145,4.6145
6.760000,2.7365,2.7365,2.7365,2.7365,2.7365,1.7734,1.7734,1.7734,1.7734,1.7734,3.6635,3.6635,3.6635,3.6635,3.6635,4.6266,4.6266,4.6266,4.6266,4.6266
6.770000,2.7725,2.7725,2.7725,2.7725,2.7725,1.7622,1.7622,1.7622,1.7622,1.7622,3.6275,3.6275,3.6275,3.6275,3.6275,4.6378,4.6378,4.6378,4.6378,4.6378
6.780000,2.8087,2.8087,2.8087,2.8087,2.8087,1.7519,1.7519,1.7519,1.7519,1.7519,3.5913,3.5913,3.5913,3.5913,3.5913,4.6481,4.6481,4.6481,4.6481,4.6481
6.790000,2.8453,2.8453,2.8453,2.8453,2.8453,1.7426,1.7426,1.7426,1.7426,1.7426,3.5547,3.5547,3.5547,3.5547,3.5547,4.6574,4.6574,4.6574,4.6574,4.6574
6.800000,2.8820,2.8820,2.8820,2.8820,2.8820,1.7341,1.7341,1.7341,1.7341,1.7341,3.5180,3.5180,3.5180,3.5180,3.5180,4.6659,4.6659,4.6659,4.6659,4.6659
6.810000,2.9189,2.9189,2.9189,2.9189,2.9189,1.7266,1.7266,1.7266,1.7266,1.7266,3.4811,3.4811,3.4811,3.4811,3.4811,4.6734,4.6734,4.6734,4.6734,4.6734
6.820000,2.9560,2.9560,2.9560,2.9560,2.9560,1.7200,1.7200,1.7200,1.7200,1.7200,3.4440,3.4440,3.4440,3.4440,3.4440,4.6800,4.6800,4.6800,4.6800,4.6800
6.830000,2.9933,2.9933,2.9933,2.9933,2.9933,1.7143,1.7143,1.7143,1.7143,1.7143,3.4067,3.4067,3.4067,3.4067,3.4067,4.6857,4.6857,4.6857,4.6857,4.6857
6.840000,3.0307,3.0307,3.0307,3.0307,3.0307,1.7096,1.7096,1.7096,1.7096,1.7096,3.3693,3.3693,3.3693,3.3693,3.3693,4.6904,4.6904,4.6904,4.6904,4.6904
6.850000,3.0682,3.0682,3.0682,3.0682,3.0682,1.7058,1.7058,1.7058,1.7058,1.7058,3.3318,3.3318,3.3318,3.3318,3.3318,4.6942,4.6942,4.6942,4.6942,4.6942
6.860000,3.1058,3.1058,3.1058,3.1058,3.1058,1.7030,1.7030,1.7030,1.7030,1.7030,3.2942,3.2942,3.2942,3.2942,3.2942,4.6970,4.6970,4.6970,4.6970,4.6970
6.870000,3.1435,3.1435,3.1435,3.1435,3.1435,1.7011,1.7011,1.7011,1.7011,1.7011,3.2565,3.2565,3.2565,3.2565,3.2565,4.6989,4.6989,4.6989,4.6989,4.6989
6.880000,3.1812,3.1812,3.1812,3.1812,3.1812,1.7001,1.7001,1.7001,1.7001,1.7001,3.2188,3.2188,3.2188,3.2188,3.2188,4.6999,4.6999,4.6999,4.6999,4.6999
6.890000,3.2188,3.2188,3.2188,3.2188,3.2188,1.7001,1.7001,1.7001,1.7001,1.7001,3.1812,3.1812,3.1812,3.1812,3.1812,4.6999,4.6999,4.6999,4.6999,4.6999
6.900000,3.2565,3.2565,3.2565,3.2565,3.2565,1.7011,1.7011,1.7011,1.7011,1.7011,3.1435,3.1435,3.1435,3.1435,3.1435,4.6989,4.6989,4.6989,4.6989,4.6989
6.910000,3.2942,3.2942,3.2942,3.2942,3.2942,1.7030,1.7030,1.7030,1.7030,1.7030,3.1058,3.1058,3.1058,3.1058,3.1058,4.6970,4.6970,4.6970,4.6970,4.6970
6.920000,3.3318,3.3318,3.3318,3.3318,3.3318,1.7058,1.7058,1.7058,1.7058,1.7058,3.0682,3.0682,3.0682,3.0682,3.0682,4.6942,4.6942,4.6942,4.6942,4.6942
6.930000,3.3693,3.3693,3.3693,3.3693,3.3693,1.7096,1.7096,1.7096,1.7096,1.7096,3.0307,3.0307,3.0307,3.0307,3.0307,4.6904,4.6904,4.6904,4.6904,4.6904
6.940000,3.4067,3.4067,3.4067,3.4067,3.4067,1.7143,1.7143,1.7143,1.7143,1.7143,2.9933,2.9933,2.9933,2.9933,2.9933,4.6857,4.6857,4.6857,4.6857,4.6857
6.950000,3.4440,3.4440,3.4440,3.4440,3.4440,1.7200,1.7200,1.7200,1.7200,1.7200,2.9560,2.9560,2.9560,2.9560,2.9560,4.6800,4.6800,4.6800,4.6800,4.6800
6.960000,3.4811,3.4811,3.4811,3.4811,3.4811,1.7266,1.7266,1.7266,1.7266,1.7266,2.9189,2.9189,2.9189,2.9189,2.9189,4.6734,4.6734,4.6734,4.6734,4.6734
6.970000,3.5180,3.5180,3.5180,3.5180,3.5180,1.7341,1.7341,1.7341,1.7341,1.7341,2.8820,2.8820,2.8820,2.8820,2.8820,4.6659,4.6659,4.6659,4.6659,4.6659
6.980000,3.5547,3.5547,3.5547,3.5547,3.5547,1.7426,1.7426,1.7426,1.7426,1.7426,2.8453,2.8453,2.8453,2.8453,2.8453,4.6574,4.6574,4.6574,4.6574,4.6574
6.990000,3.5913,3.5913,3.5913,3.5913,3.5913,1.7519,1.7519,1.7519,1.7519,1.7519,2.8087,2.8087,2.8087,2.8087,2.8087,4.6481,4.6481,4.6481,4.6481,4.6481
7.000000,3.6275,3.6275,3.6275,3.6275,3.6275,1.7622,1.7622,1.7622,1.7622,1.7622,2.7725,2.7725,2.7725,2.7725,2.7725,4.6378,4.6378,4.6378,4.6378,4.6378
7.010000,3.6635,3.6635,3.6635,3.6635,3.6635,1.7734,1.7734,1.7734,1.7734,1.7734,2.7365,2.7365,2.7365,2.7365,2.7365,4.6266,4.6266,4.6266,4.6266,4.6266
7.020000,3.6992,3.6992,3.6992,3.6992,3.6992,1.7855,1.7855,1.7855,1.7855,1.7855,2.7008,2.7008,2.7008,2.7008,2.7008,4.6145,4.6145,4.6145,4.6145,4.6145
7.030000,3.7346,3.7346,3.7346,3.7346,3.7346,1.7985,1.7985,1.7985,1.7985,1.7985,2.6654,2.6654,2.6654,2.6654,2.6654,4.6015,4.6015,4.6015,4.6015,4.6015
7.040000,3.7697,3.7697,3.7697,3.7697,3.7697,1.8124,1.8124,1.8124,1.8124,1.8124,2.6303,2.6303,2.6303,2.6303,2.6303,4.5876,4.5876,4.5876,4.5876,4.5876
7.050000,3.8044,3.8044,3.8044,3.8044,3.8044,1.8271,1.8271,1.8271,1.8271,1.8271,2.5956,2.5956,2.5956,2.5956,2.5956,4.5729,4.5729,4.5729,4.5729,4.5729
7.060000,3.8387,3.8387,3.8387,3.8387,3.8387,1.8428,1.8428,1.8428,1.8428,1.8428,2.5613,2.5613,2.5613,2.5613,2.5613,4.5572,4.5572,4.5572,4.5572,4.5572
7.070000,3.8726,3.8726,3.8726,3.8726,3.8726,1.8592,1.8592,1.8592,1.8592,1.8592,2.5274,2.5274,2.5274,2.5274,2.5274,4.5408,4.5408,4.5408,4.5408,4.5408
7.080000,3.9061,3.9061,3.9061,3.9061,3.9061,1.8766,1.8766,1.8766,1.8766,1.8766,2.4939,2.4939,2.4939,2.4939,2.4939,4.5234,4.5234,4.5234,4.5234,4.5234
7.090000,3.9391,3.9391,3.9391,3.9391,3.9391,1.8947,1.8947,1.8947,1.8947,1.8947,2.4609,2.4609,2.4609,2.4609,2.4609,4.5053,4.5053,4.5053,4.5053,4.5053
7.100000,3.9717,3.9717,3.9717,3.9717,3.9717,1.9137,1.9137,1.9137,1.9137,1.9137,2.4283,2.4283,2.4283,2.4283,2.4283,4.4863,4.4863,4.4863,4.4863,4.4863
7.110000,4.0037,4.0037,4.0037,4.0037,4.0037,1.9335,1.9335,1.9335,1.9335,1.9335,2.3963,2.3963,2.3963,2.3963,2.3963,4.4665,4.4665,4.4665,4.4665,4.4665
7.120000,4.0353,4.0353,4.0353,4.0353,4.0353,1.9541,1.9541,1.9541,1.9541,1.9541,2.3647,2.3647,2.3647,2.3647,2.3647,4.4459,4.4459,4.4459,4.4459,4.4459
7.130000,4.0664,4.0664,4.0664,4.0664,4.0664,1.9755,1.9755,1.9755,1.9755,1.9755,2.3336,2.3336,2.3336,2.3336,2.3336,4.4245,4.4245,4.4245,4.4245,4.4245
7.140000,4.0969,4.0969,4.0969,4.0969,4.0969,1.9976,1.9976,1.9976,1.9976,1.9976,2.3031,2.3031,2.3031,2.3031,2.3031,4.4024,4.4024,4.4024,4.4024,4.4024
7.150000,4.1268,4.1268,4.1268,4.1268,4.1268,2.0206,2.0206,2.0206,2.0206,2.0206,2.2732,2.2732,2.2732,2.2732,2.2732,4.3794,4.3794,4.3794,4.3794,4.3794
7.160000,4.1561,4.1561,4.1561,4.1561,4.1561,2.0442,2.0442,2.0442,2.0442,2.0442,2.2439,2.2439,2.2439,2.2439,2.2439,4.3558,4.3558,4.3558,4.3558,4.3558
7.170000,4.1849,4.1849,4.1849,4.1849,4.1849,2.0686,2.0686,2.0686,2.0686,2.0686,2.2151,2.2151,2.2151,2.2151,2.2151,4.3314,4.3314,4.3314,4.3314,4.3314
7.180000,4.2130,4.2130,4.2130,4.2130,4.2130,2.0937,2.0937,2.0937,2.0937,2.0937,2.1870,2.1870,2.1870,2.1870,2.1870,4.3063,4.3063,4.3063,4.3063,4.3063
7.190000,4.2405,4.2405,4.2405,4.2405,4.2405,2.1195,2.1195,2.1195,2.1195,2.1195,2.1595,2.1595,2.1595,2.1595,2.1595,4.2805,4.2805,4.2805,4.2805,4.2805
7.200000,4.2673,4.2673,4.2673,4.2673,4.2673,2.1460,2.1460,2.1460,2.1460,2.1460,2.1327,2.1327,2.1327,2.1327,2.1327,4.2540,4.2540,4.2540,4.2540,4.2540
7.210000,4.2935,4.2935,4.2935,4.2935,4.2935,2.1732,2.1732,2.1732,2.1732,2.1732,2.1065,2.1065,2.1065,2.1065,2.1065,4.2268,4.2268,4.2268,4.2268,4.2268
7.220000,4.3189,4.3189,4.3189,4.3189,4.3189,2.2010,2.2010,2.2010,2.2010,2.2010,2.0811,2.0811,2.0811,2.0811,2.0811,4.1990,4.1990,4.1990,4.1990,4.1990
7.230000,4.3437,4.3437,4.3437,4.3437,4.3437,2.2294,2.2294,2.2294,2.2294,2.2294,2.0563,2.0563,2.0563,2.0563,2.0563,4.1706,4.1706,4.1706,4.1706,4.1706
7.240000,4.3677,4.3677,4.3677,4.3677,4.3677,2.2585,2.2585,2.2585,2.2585,2.2585,2.0323,2.0323,2.0323,2.0323,2.0323,4.1415,4.1415,4.1415,4.1415,4.1415
7.250000,4.3910,4.3910,4.3910,4.3910,4.3910,2.2881,2.2881,2.2881,2.2881,2.2881,2.0090,2.0090,2.0090,2.0090,2.0090,4.1119,4.1119,4.1119,4.1119,4.1119
7.260000,4.4135,4.4135,4.4135,4.4135,4.4135,2.3183,2.3183,2.3183,2.3183,2.3183,1.9865,1.9865,1.9865,1.9865,1.9865,4.0817,4.0817,4.0817,4.0817,4.0817
7.270000,4.4353,4.4353,4.4353,4.4353,4.4353,2.3491,2.3491,2.3491,2.3491,2.3491,1.9647,1.9647,1.9647,1.9647,1.9647,4.0509,4.0509,4.0509,4.0509,4.0509
7.280000,4.4563,4.4563,4.4563,4.4563,4.4563,2.3804,2.3804,2.3804,2.3804,2.3804,1.9437,1.9437,1.9437,1.9437,1.9437,4.0196,4.0196,4.0196,4.0196,4.0196
7.290000,4.4765,4.4765,4.4765,4.4765,4.4765,2.4122,2.4122,2.4122,2.4122,2.4122,1.9235,1.9235,1.9235,1.9235,1.9235,3.9878,3.9878,3.9878,3.9878,3.9878
7.300000,4.4959,4.4959,4.4959,4.4959,4.4959,2.4446,2.4446,2.4446,2.4446,2.4446,1.9041,1.9041,1.9041,1.9041,1.9041,3.9554,3.9554,3.9554,3.9554,3.9554
7.310000,4.5145,4.5145,4.5145,4.5145,4.5145,2.4774,2.4774,2.4774,2.4774,2.4774,1.8855,1.8855,1.8855,1.8855,1.8855,3.9226,3.9226,3.9226,3.9226,3.9226
7.320000,4.5322,4.5322,4.5322,4.5322,4.5322,2.5106,2.5106,2.5106,2.5106,2.5106,1.8678,1.8678,1.8678,1.8678,1.8678,3.8894,3.8894,3.8894,3.8894,3.8894
7.330000,4.5491,4.5491,4.5491,4.5491,4.5491,2.5443,2.5443,2.5443,2.5443,2.5443,1.8509,1.8509,1.8509,1.8509,1.8509,3.8557,3.8557,3.8557,3.8557,3.8557
7.340000,4.5652,4.5652,4.5652,4.5652,4.5652,2.5784,2.5784,2.5784,2.5784,2.5784,1.8348,1.8348,1.8348,1.8348,1.8348,3.8216,3.8216,3.8216,3.8216,3.8216
7.350000,4.5803,4.5803,4.5803,4.5803,4.5803,2.6129,2.6129,2.6129,2.6129,2.6129,1.8197,1.8197,1.8197,1.8197,1.8197,3.7871,3.7871,3.7871,3.7871,3.7871
7.360000,4.5947,4.5947,4.5947,4.5947,4.5947,2.6478,2.6478,2.6478,2.6478,2.6478,1.8053,1.8053,1.8053,1.8053,1.8053,3.7522,3.7522,3.7522,3.7522,3.7522
7.370000,4.6081,4.6081,4.6081,4.6081,4.6081,2.6830,2.6830,2.6830,2.6830,2.6830,1.7919,1.7919,1.7919,1.7919,1.7919,3.7170,3.7170,3.7170,3.7170,3.7170
7.380000,4.6206,4.6206,4.6206,4.6206,4.6206,2.7186,2.7186,2.7186,2.7186,2.7186,1.7794,1.7794,1.7794,1.7794,1.7794,3.6814,3.6814,3.6814,3.6814,3.6814
7.390000,4.6323,4.6323,4.6323,4.6323,4.6323,2.7544,2.7544,2.7544,2.7544,2.7544,1.7677,1.7677,1.7677,1.7677,1.7677,3.6456,3.6456,3.6456,3.6456,3.6456
7.400000,4.6430,4.6430,4.6430,4.6430,4.6430,2.7906,2.7906,2.7906,2.7906,2.7906,1.7570,1.7570,1.7570,1.7570,1.7570,3.6094,3.6094,3.6094,3.6094,3.6094
7.410000,4.6529,4.6529,4.6529,4.6529,4.6529,2.8270,2.8270,2.8270,2.8270,2.8270,1.7471,1.7471,1.7471,1.7471,1.7471,3.5730,3.5730,3.5730,3.5730,3.5730
7.420000,4.6618,4.6618,4.6618,4.6618,4.6618,2.8636,2.8636,2.8636,2.8636,2.8636,1.7382,1.7382,1.7382,1.7382,1.7382,3.5364,3.5364,3.5364,3.5364,3.5364
7.430000,4.6698,4.6698,4.6698,4.6698,4.6698,2.9004,2.9004,2.9004,2.9004,2.9004,1.7302,1.7302,1.7302,1.7302,1.7302,3.4996,3.4996,3.4996,3.4996,3.4996
7.440000,4.6768,4.6768,4.6768,4.6768,4.6768,2.9375,2.9375,2.9375,2.9375,2.9375,1.7232,1.7232,1.7232,1.7232,1.7232,3.4625,3.4625,3.4625,3.4625,3.4625
7.450000,4.6830,4.6830,4.6830,4.6830,4.6830,2.9747,2.9747,2.9747,2.9747,2.9747,1.7170,1.7170,1.7170,1.7170,1.7170,3.4253,3.4253,3.4253,3.4253,3.4253
7.460000,4.6882,4.6882,4.6882,4.6882,4.6882,3.0120,3.0120,3.0120,3.0120,3.0120,1.7118,1.7118,1.7118,1.7118,1.7118,3.3880,3.3880,3.3880,3.3880,3.3880
7.470000,4.6924,4.6924,4.6924,4.6924,4.6924,3.0495,3.0495,3.0495,3.0495,3.0495,1.7076,1.7076,1.7076,1.7076,1.7076,3.3505,3.3505,3.3505,3.3505,3.3505
7.480000,4.6957,4.6957,4.6957,4.6957,4.6957,3.0870,3.0870,3.0870,3.0870,3.0870,1.7043,1.7043,1.7043,1.7043,1.7043,3.3130,3.3130,3.3130,3.3130,3.3130
7.490000,4.6981,4.6981,4.6981,4.6981,4.6981,3.1246,3.1246,3.1246,3.1246,3.1246,1.7019,1.7019,1.7019,1.7019,1.7019,3.2754,3.2754,3.2754,3.2754,3.2754
7.500000,4.6995,4.6995,4.6995,4.6995,4.6995,3.1623,3.1623,3.1623,3.1623,3.1623,1.7005,1.7005,1.7005,1.7005,1.7005,3.2377,3.2377,3.2377,3.2377,3.2377
7.510000,4.7000,4.7000,4.7000,4.7000,4.7000,3.2000,3.2000,3.2000,3.2000,3.2000,1.7000,1.7000,1.7000,1.7000,1.7000,3.2000,3.2000,3.2000,3.2000,3.2000
7.520000,4.6995,4.6995,4.6995,4.6995,4.6995,3.2377,3.2377,3.2377,3.2377,3.2377,1.7005,1.7005,1.7005,1.7005,1.7005,3.1623,3.1623,3.1623,3.1623,3.1623
7.530000,4.6981,4.6981,4.6981,4.6981,4.6981,3.2754,3.2754,3.2754,3.2754,3.2754,1.7019,1.7019,1.7019,1.7019,1.7019,3.1246,3.1246,3.1246,3.1246,3.1246
7.540000,4.6957,4.6957,4.6957,4.6957,4.6957,3.3130,3.3130,3.3130,3.3130,3.3130,1.7043,1.7043,1.7043,1.7043,1.7043,3.0870,3.0870,3.0870,3.0870,3.0870
7.550000,4.6924,4.6924,4.6924,4.6924,4.6924,3.3505,3.3505,3.3505,3.3505,3.3505,1.7076,1.7076,1.7076,1.7076,1.7076,3.0495,3.0495,3.0495,3.0495,3.0495
7.560000,4.6882,4.6882,4.6882,4.6882,4.6882,3.3880,3.3880,3.3880,3.3880,3.3880,1.7118,1.7118,1.7118,1.7118,1.7118,3.0120,3.0120,3.0120,3.0120,3.0120
7.570000,4.6830,4.6830,4.6830,4.6830,4.6830,3.4253,3.4253,3.4253,3.4253,3.4253,1.7170,1.7170,1.7170,1.7170,1.7170,2.9747,2.9747,2.9747,2.9747,2.9747
7.580000,4.6768,4.6768,4.6768,4.6768,4.6768,3.4625,3.4625,3.4625,3.4625,3.4625,1.7232,1.7232,1.7232,1.7232,1.7232,2.9375,2.9375,2.9375,2.9375,2.9375
7.590000,4.6698,4.6698,4.6698,4.6698,4.6698,3.4996,3.4996,3.4996,3.4996,3.4996,1.7302,1.7302,1.7302,1.7302,1.7302,2.9004,2.9004,2.9004,2.9004,2.9004
7.600000,4.6618,4.6618,4.6618,4.6618,4.6618,3.5364,3.5364,3.5364,3.5364,3.5364,1.7382,1.7382,1.7382,1.7382,1.7382,2.8636,2.8636,2.8636,2.8636,2.8636
7.610000,4.6529,4.6529,4.6529,4.6529,4.6529,3.5730,3.5730,3.5730,3.5730,3.5730,1.7471,1.7471,1.7471,1.7471,1.7471,2.8270,2.8270,2.8270,2.8270,2.8270
7.620000,4.6430,4.6430,4.6430,4.6430,4.6430,3.6094,3.6094,3.6094,3.6094,3.6094,1.7570,1.7570,1.7570,1.7570,1.7570,2.7906,2.7906,2.7906,2.7906,2.7906
7.630000,4.6323,4.6323,4.6323,4.6323,4.6323,3.6456,3.6456,3.6456,3.6456,3.6456,1.7677,1.7677,1.7677,1.7677,1.7677,2.7544,2.7544,2.7544,2.7544,2.7544
7.640000,4.6206,4.6206,4.6206,4.6206,4.6206,3.6814,3.6814,3.6814,3.6814,3.6814,1.7794,1.7794,1.7794,1.7794,1.7794,2.7186,2.7186,2.7186,2.7186,2.7186
7.650000,4.6081,4.6081,4.6081,4.6081,4.6081,3.7170,3.7170,3.7170,3.7170,3.7170,1.7919,1.7919,1.7919,1.7919,1.7919,2.6830,2.6830,2.6830,2.6830,2.6830
7.660000,4.5947,4.5947,4.5947,4.5947,4.5947,3.7522,3.7522,3.7522,3.7522,3.7522,1.8053,1.8053,1.8053,1.8053,1.8053,2.6478,2.6478,2.6478,2.6478,2.6478
7.670000,4.5803,4.5803,4.5803,4.5803,4.5803,3.7871,3.7871,3.7871,3.7871,3.7871,1.8197,1.8197,1.8197,1.8197,1.8197,2.6129,2.6129,2.6129,2.6129,2.6129
7.680000,4.5652,4.5652,4.5652,4.5652,4.5652,3.8216,3.8216,3.8216,3.8216,3.8216,1.8348,1.8348,1.8348,1.8348,1.8348,2.5784,2.5784,2.5784,2.5784,2.5784
7.690000,4.5491,4.5491,4.5491,4.5491,4.5491,3.8557,3.8557,3.8557,3.8557,3.8557,1.8509,1.8509,1.8509,1.8509,1.8509,2.5443,2.5443,2.5443,2.5443,2.5443
7.700000,4.5322,4.5322,4.5322,4.5322,4.5322,3.8894,3.8894,3.8894,3.8894,3.8894,1.8678,1.8678,1.8678,1.8678,1.8678,2.5106,2.5106,2.5106,2.5106,2.5106
7.710000,4.5145,4.5145,4.5145,4.5145,4.5145,3.9226,3.9226,3.9226,3.9226,3.9226,1.8855,1.8855,1.8855,1.8855,1.8855,2.4774,2.4774,2.4774,2.4774,2.4774
7.720000,4.4959,4.4959,4.4959,4.4959,4.4959,3.9554,3.9554,3.9554,3.9554,3.9554,1.9041,1.9041,1.9041,1.9041,1.9041,2.4446,2.4446,2.4446,2.4446,2.4446
7.730000,4.4765,4.4765,4.4765,4.4765,4.4765,3.9878,3.9878,3.9878,3.9878,3.9878,1.9235,1.9235,1.9235,1.9235,1.9235,2.4122,2.4122,2.4122,2.4122,2.4122
7.740000,4.4563,4.4563,4.4563,4.4563,4.4563,4.0196,4.0196,4.0196,4.0196,4.0196,1.9437,1.9437,1.9437,1.9437,1.9437,2.3804,2.3804,2.3804,2.3804,2.3804
7.750000,4.4353,4.4353,4.4353,4.4353,4.4353,4.0509,4.0509,4.0509,4.0509,4.0509,1.9647,1.9647,1.9647,1.9647,1.9647,2.3491,2.3491,2.3491,2.3491,2.3491
7.760000,4.4135,4.4135,4.4135,4.4135,4.4135,4.0817,4.0817,4.0817,4.0817,4.0817,1.9865,1.9865,1.9865,1.9865,1.9865,2.3183,2.3183,2.3183,2.3183,2.3183
7.770000,4.3910,4.3910,4.3910,4.3910,4.3910,4.1119,4.1119,4.1119,4.1119,4.1119,2.0090,2.0090,2.0090,2.0090,2.0090,2.2881,2.2881,2.2881,2.2881,2.2881
7.780000,4.3677,4.3677,4.3677,4.3677,4.3677,4.1415,4.1415,4.1415,4.1415,4.1415,2.0323,2.0323,2.0323,2.0323,2.0323,2.2585,2.2585,2.2585,2.2585,2.2585
7.790000,4.3437,4.3437,4.3437,4.3437,4.3437,4.1706,4.1706,4.1706,4.1706,4.1706,2.0563,2.0563,2.0563,2.0563,2.0563,2.2294,2.2294,2.2294,2.2294,2.2294
7.800000,4.3189,4.3189,4.3189,4.3189,4.3189,4.1990,4.1990,4.1990,4.1990,4.1990,2.0811,2.0811,2.0811,2.0811,2.0811,2.2010,2.2010,2.2010,2.2010,2.2010
7.810000,4.2935,4.2935,4.2935,4.2935,4.2935,4.2268,4.2268,4.2268,4.2268,4.2268,2.1065,2.1065,2.1065,2.1065,2.1065,2.1732,2.1732,2.1732,2.1732,2.1732
7.820000,4.2673,4.2673,4.2673,4.2673,4.2673,4.2540,4.2540,4.2540,4.2540,4.2540,2.1327,2.1327,2.1327,2.1327,2.1327,2.1460,2.1460,2.1460,2.1460,2.1460
7.830000,4.2405,4.2405,4.2405,4.2405,4.2405,4.2805,4.2805,4.2805,4.2805,4.2805,2.1595,2.1595,2.1595,2.1595,2.1595,2.1195,2.1195,2.1195,2.1195,2.1195
7.840000,4.2130,4.2130,4.2130,4.2130,4.2130,4.3063,4.3063,4.3063,4.3063,4.3063,2.1870,2.1870,2.1870,2.1870,2.1870,2.0937,2.0937,2.0937,2.0937,2.0937
7.850000,4.1849,4.1849,4.1849,4.1849,4.1849,4.3314,4.3314,4.3314,4.3314,4.3314,2.2151,2.2151,2.2151,2.2151,2.2151,2.0686,2.0686,2.0686,2.0686,2.0686
7.860000,4.1561,4.1561,4.1561,4.1561,4.1561,4.3558,4.3558,4.3558,4.3558,4.3558,2.2439,2.2439,2.2439,2.2439,2.2439,2.0442,2.0442,2.0442,2.0442,2.0442
7.870000,4.1268,4.1268,4.1268,4.1268,4.1268,4.3794,4.3794,4.3794,4.3794,4.3794,2.2732,2.2732,2.2732,2.2732,2.2732,2.0206,2.0206,2.0206,2.0206,2.0206
7.880000,4.0969,4.0969,4.0969,4.0969,4.0969,4.4024,4.4024,4.4024,4.4024,4.4024,2.3031,2.3031,2.3031,2.3031,2.3031,1.9976,1.9976,1.9976,1.9976,1.9976
7.890000,4.0664,4.0664,4.0664,4.0664,4.0664,4.4245,4.4245,4.4245,4.4245,4.4245,2.3336,2.3336,2.3336,2.3336,2.3336,1.9755,1.9755,1.9755,1.9755,1.9755
7.900000,4.0353,4.0353,4.0353,4.0353,4.0353,4.4459,4.4459,4.4459,4.4459,4.4459,2.3647,2.3647,2.3647,2.3647,2.3647,1.9541,1.9541,1.9541,1.9541,1.9541
7.910000,4.0037,4.0037,4.0037,4.0037,4.0037,4.4665,4.4665,4.4665,4.4665,4.4665,2.3963,2.3963,2.3963,2.3963,2.3963,1.9335,1.9335,1.9335,1.9335,1.9335
7.920000,3.9717,3.9717,3.9717,3.9717,3.9717,4.4863,4.4863,4.4863,4.4863,4.4863,2.4283,2.4283,2.4283,2.4283,2.4283,1.9137,1.9137,1.9137,1.9137,1.9137
7.930000,3.9391,3.9391,3.9391,3.9391,3.9391,4.5053,4.5053,4.5053,4.5053,4.5053,2.4609,2.4609,2.4609,2.4609,2.4609,1.8947,1.8947,1.8947,1.8947,1.8947
7.940000,3.9061,3.9061,3.9061,3.9061,3.9061,4.5234,4.5234,4.5234,4.5234,4.5234,2.4939,2.4939,2.4939,2.4939,2.4939,1.8766,1.8766,1.8766,1.8766,1.8766
7.950000,3.8726,3.8726,3.8726,3.8726,3.8726,4.5408,4.5408,4.5408,4.5408,4.5408,2.5274,2.5274,2.5274,2.5274,2.5274,1.8592,1.8592,1.8592,1.8592,1.8592
7.960000,3.8387,3.8387,3.8387,3.8387,3.8387,4.5572,4.5572,4.5572,4.5572,4.5572,2.5613,2.5613,2.5613,2.5613,2.5613,1.8428,1.8428,1.8428,1.8428,1.8428
7.970000,3.8044,3.8044,3.8044,3.8044,3.8044,4.5729,4.5729,4.5729,4.5729,4.5729,2.5956,2.5956,2.5956,2.5956,2.5956,1.8271,1.8271,1.8271,1.8271,1.8271
7.980000,3.7697,3.7697,3.7697,3.7697,3.7697,4.5876,4.5876,4.5876,4.5876,4.5876,2.6303,2.6303,2.6303,2.6303,2.6303,1.8124,1.8124,1.8124,1.8124,1.8124
7.990000,3.7346,3.7346,3.7346,3.7346,3.7346,4.6015,4.6015,4.6015,4.6015,4.6015,2.6654,2.6654,2.6654,2.6654,2.6654,1.7985,1.7985,1.7985,1.7985,1.7985
8.000000,3.6992,3.6992,3.6992,3.6992,3.6992,4.6145,4.6145,4.6145,4.6145,4.6145,2.7008,2.7008,2.7008,2.7008,2.7008,1.7855,1.7855,1.7855,1.7855,1.7855
