time,pd_4,pd_7,pd_8,pm_4_1,pm_4_2,pm_4_3,pm_4_4,pm_7_1,pm_7_2,pm_7_3,pm_7_4,pm_8_1,pm_8_2,pm_8_3,pm_8_4,mocap_1_x,mocap_1_y,mocap_1_z,mocap_1_qx,mocap_1_qy,mocap_1_qz,mocap_1_qw,mocap_2_x,mocap_2_y,mocap_2_z,mocap_2_qx,mocap_2_qy,mocap_2_qz,mocap_2_qw,mocap_3_x,mocap_3_y,mocap_3_z,mocap_3_qx,mocap_3_qy,mocap_3_qz,mocap_3_qw
0.001627,0.000,0.000,0.000,0.000,0.000,0.000,0.000,0.000,0.000,0.000,0.000,0.000,0.000,0.000,0.000,0.000000,0.000000,0.000000,0.000000,0.000000,0.000000,0.000000,0.000000,0.000000,0.000000,0.000000,0.000000,0.000000,0.000000,0.000000,0.000000,0.000000,0.000000,0.000000,0.000000,0.000000
